URL,Journal_Title,Article_Title,Month_Year,Abstract,Keywords,Author_name,Standardized_Author,Author_Address,Author_University,Author_State,Author_Country
https://www.tandfonline.com/doi/full/10.1080/07421222.2025.2520173,"Journal of Management Information Systems, Volume 42, Issue 3 (2025)",Hate Speech Detection on Online News Platforms: A Deep-Learning Approach Based on Agenda-Setting Theory,2025,"Hate speech on online news platforms has emerged as a critical societal challenge, influencing public discourse and impacting industries. However, existing detection methods often fail to capture its contextual nature and are grounded in weak theoretical foundations. To address this gap, we integrate agenda-setting theory with design science paradigms to develop a deep learning model for detecting hate speech on online news platforms. Leveraging bidirectional encoder representations from transformers (BERT), our model analyzes the interplay between news headlines, texts, and user comments, capturing both media issue salience and emotional agenda-setting effects. Empirical validation demonstrates that our model outperforms traditional baselines in hate speech detection and topic classification tasks. This contextualized approach enhances prediction accuracy, explainability, and domain adaptability, contributing to improved performance and broader applicability. Our study makes theoretical and methodological contributions to Information Systems research and offers practical insights for implementing ethical, real-time hate speech detection strategies.","['Hate-speech detection', 'design science', 'agenda-setting theory', 'deep learning', 'sociotechnical perspective', 'BERT', 'online platforms']",Seong-Su Kim,Seong-Su Kim,"Seong-Su Kim (fenzhantw@gmail.com) is data scientist at LG CNS, Seoul, Korea. His research interests include deep learning, MLOps, and the application of causal inference. He is particularly passionate about addressing industrial challenges through data science.",LG CNS,Seoul,South Korea
https://www.tandfonline.com/doi/full/10.1080/07421222.2025.2520173,"Journal of Management Information Systems, Volume 42, Issue 3 (2025)",Hate Speech Detection on Online News Platforms: A Deep-Learning Approach Based on Agenda-Setting Theory,2025,"Hate speech on online news platforms has emerged as a critical societal challenge, influencing public discourse and impacting industries. However, existing detection methods often fail to capture its contextual nature and are grounded in weak theoretical foundations. To address this gap, we integrate agenda-setting theory with design science paradigms to develop a deep learning model for detecting hate speech on online news platforms. Leveraging bidirectional encoder representations from transformers (BERT), our model analyzes the interplay between news headlines, texts, and user comments, capturing both media issue salience and emotional agenda-setting effects. Empirical validation demonstrates that our model outperforms traditional baselines in hate speech detection and topic classification tasks. This contextualized approach enhances prediction accuracy, explainability, and domain adaptability, contributing to improved performance and broader applicability. Our study makes theoretical and methodological contributions to Information Systems research and offers practical insights for implementing ethical, real-time hate speech detection strategies.","['Hate-speech detection', 'design science', 'agenda-setting theory', 'deep learning', 'sociotechnical perspective', 'BERT', 'online platforms']",Seongbeom Kim,Seongbeom Kim,"Seongbeom Kim (sb_kim@yonsei.ac.kr)is a PhD candidate in the Graduate School of Information at Yonsei University, Seoul, Korea. His research interests include applied AI, machine learning, and design science. Specifically, he focuses on customer behavior on commerce platforms and the sociotechnical perspective of AI. His work has been published in Decision Support Systems and presented at leading information systems conferences, including PACIS and WITS.",Yonsei University,Seoul,South Korea
https://www.tandfonline.com/doi/full/10.1080/07421222.2025.2520173,"Journal of Management Information Systems, Volume 42, Issue 3 (2025)",Hate Speech Detection on Online News Platforms: A Deep-Learning Approach Based on Agenda-Setting Theory,2025,"Hate speech on online news platforms has emerged as a critical societal challenge, influencing public discourse and impacting industries. However, existing detection methods often fail to capture its contextual nature and are grounded in weak theoretical foundations. To address this gap, we integrate agenda-setting theory with design science paradigms to develop a deep learning model for detecting hate speech on online news platforms. Leveraging bidirectional encoder representations from transformers (BERT), our model analyzes the interplay between news headlines, texts, and user comments, capturing both media issue salience and emotional agenda-setting effects. Empirical validation demonstrates that our model outperforms traditional baselines in hate speech detection and topic classification tasks. This contextualized approach enhances prediction accuracy, explainability, and domain adaptability, contributing to improved performance and broader applicability. Our study makes theoretical and methodological contributions to Information Systems research and offers practical insights for implementing ethical, real-time hate speech detection strategies.","['Hate-speech detection', 'design science', 'agenda-setting theory', 'deep learning', 'sociotechnical perspective', 'BERT', 'online platforms']",Hee-Woong Kim,Hee-Woong Kim,"Hee-Woong Kim (kimhw@yonsei.ac.kr; corresponding author) is Professor in the Graduate School of Information at Yonsei University, Seoul Korea. He serves as an Associate Editor for MIS Quarterly and a Senior Editor of Decision Support Systems. Dr. Kim’s research work has appeared in Communications of the ACM, Computers in Human Behavior, Decision Support Systems, European Journal of Operational Research, IEEE Transactions on Engineering Management, Information Systems Research, International Journal of Electronic Commerce, Journal of the Association for Information Systems, Journal of Management Information Systems, MIS Quarterly, and other journals.",Yonsei University,Seoul,South Korea
https://www.tandfonline.com/doi/full/10.1080/07421222.2025.2520174,"Journal of Management Information Systems, Volume 42, Issue 3 (2025)",Can Correction Messages Reduce the Spread of Fake News on Social Media? The Impact of Information Updates on the Effectiveness of Corrections,2025,"Although government agencies and fact-checking organizations issue correction messages to mitigate misinformation dissemination on social media, their efforts have been largely ineffective. Drawing on Information Manipulation Theory (IMT) and information extracted from over 84 million tweets, we examine the impact of correction messages and explore how different information updates affect their effectiveness. Our empirical approach differentiates between subpopulations of correction messages. The results support the existence of two distinct types: correction messages that significantly mitigate the spread of fake news—a 1 percent increase in “effective” messages decreases the spread of fake news by 0.89 percent; and those that amplify the misinformation—a 1 percent increase in “ineffective” messages increases the spread of fake news by 1.37 percent. Despite the higher count of “effective” correction messages, they are less potent than their “ineffective” counterparts. Our study extends the tenets of IMT to correction messages to identify effective platform interventions and highlight the efficacy of information updates in reducing the spread of fake news. Furthermore, it offers significant insights to social media platforms and fact-checking organizations on designing and deploying effective corrections.","['Social media', 'fake news', 'news corrections', 'message updates', 'information manipulation', 'onine platforms']",Kelvin K. King,Kelvin King,"Kelvin King (kkking@syracuse.edu; corresponding author) is Assistant Professor of Digital Misinformation at Syracuse University. His research leverages econometric models, machine learning algorithms, and lab and field experiments, and consists of two often overlapping streams. The first stream centers on information diffusion and big data use. Within that space, he studies misinformation, focusing on developing mitigation strategies for combating its propagation. The second stream is at the intersection of behavioral economics and information decision-making in virtual communities—topics related to bias, radicalization, and interactions in the darknet marketplace. Dr. King has industry experience working with big data and has published in such journals as the Journal of Management Information Systems and the International Journal of Information Management.",Syracuse University,New York,United States
https://www.tandfonline.com/doi/full/10.1080/07421222.2025.2520174,"Journal of Management Information Systems, Volume 42, Issue 3 (2025)",Can Correction Messages Reduce the Spread of Fake News on Social Media? The Impact of Information Updates on the Effectiveness of Corrections,2025,"Although government agencies and fact-checking organizations issue correction messages to mitigate misinformation dissemination on social media, their efforts have been largely ineffective. Drawing on Information Manipulation Theory (IMT) and information extracted from over 84 million tweets, we examine the impact of correction messages and explore how different information updates affect their effectiveness. Our empirical approach differentiates between subpopulations of correction messages. The results support the existence of two distinct types: correction messages that significantly mitigate the spread of fake news—a 1 percent increase in “effective” messages decreases the spread of fake news by 0.89 percent; and those that amplify the misinformation—a 1 percent increase in “ineffective” messages increases the spread of fake news by 1.37 percent. Despite the higher count of “effective” correction messages, they are less potent than their “ineffective” counterparts. Our study extends the tenets of IMT to correction messages to identify effective platform interventions and highlight the efficacy of information updates in reducing the spread of fake news. Furthermore, it offers significant insights to social media platforms and fact-checking organizations on designing and deploying effective corrections.","['Social media', 'fake news', 'news corrections', 'message updates', 'information manipulation', 'onine platforms']",Diego Escobari,Diego Escobari,"Diego Escobari (diego.escobari@utrgv.edu) is PhD Program Director and Professor of Economics in Robert C. Vackar College of Business and Entrepreneurship at the University of Texas Rio Grande Valley. His research focuses on pricing, industrial organization, social media, and real estate markets. He has published over thirty-five papers in such journals as Journal of Management Information Systems, Journal of Industrial Economics, International Journal of Industrial Organization, Transportation Research Part A, Economic Inquiry, Energy, Energy Economics, World Development, and others. Dr. Escobari served as President of the Society of Bolivian Economists and is a Fellow of the Bolivian Academy of Economic Sciences. His research has been recognized with several awards, including the Georgescu-Roegen Prize in Economics.",University of Texas Rio Grande Valley,Texas,United States
https://www.tandfonline.com/doi/full/10.1080/07421222.2025.2520170,"Journal of Management Information Systems, Volume 42, Issue 3 (2025)",Understanding the Drivers and Outcomes of Ideologically Charged Social Media Firestorms: The Sociotechnical and Social Learning Perspectives,2025,"Social media firestorms, characterized by the rapid spread of negative electronic word of mouth (eWOM), can ignite widespread criticism of a firm’s brand transgressions, service failures, product-harm crises, or ideological conflicts. This study, grounded in the sociotechnical and social learning perspectives, examines the drivers and outcomes of social learning in ideologically charged firestorms, which represent an emerging form. We investigate the effects of social consensus and message persuasiveness, platform content centricity, and individual–firm relationship closeness on the social learning of negative eWOM behavior and purchase behavior. Two studies, comprising longitudinal quantitative and qualitative surveys, were conducted. The results indicate that message persuasiveness is strongly associated with the social learning of negative eWOM behavior. Negative eWOM behavior subsequently influences post-firestorm purchasing behavior. The moderating effects of platform content centricity and individual–firm relationship closeness are discussed. These findings advance the literature and offer practitioners actionable insights into managing digital crises.","['Online firestorms', 'social media', 'electronic word of mouth', 'eWOM', 'negative eWOM', 'social consensus', 'message persuasiveness', 'social learning']",Tommy K. H. Chan,Tommy K. H. Chan,"Tommy K. H. Chan (tommy.chan@manchester.ac.uk) is Senior Lecturer (Associate Professor) at Alliance Manchester Business School, the University of Manchester, UK. His research interests include responsible technology use, digital identity and well-being, and social media behaviors. Dr. Chan has published in such journals as Information Systems Research, Journal of Management Information Systems, Journal of the Association for Information Systems, Information Systems Journal, and others.",University of Manchester,Greater Manchester,United Kingdom
https://www.tandfonline.com/doi/full/10.1080/07421222.2025.2520170,"Journal of Management Information Systems, Volume 42, Issue 3 (2025)",Understanding the Drivers and Outcomes of Ideologically Charged Social Media Firestorms: The Sociotechnical and Social Learning Perspectives,2025,"Social media firestorms, characterized by the rapid spread of negative electronic word of mouth (eWOM), can ignite widespread criticism of a firm’s brand transgressions, service failures, product-harm crises, or ideological conflicts. This study, grounded in the sociotechnical and social learning perspectives, examines the drivers and outcomes of social learning in ideologically charged firestorms, which represent an emerging form. We investigate the effects of social consensus and message persuasiveness, platform content centricity, and individual–firm relationship closeness on the social learning of negative eWOM behavior and purchase behavior. Two studies, comprising longitudinal quantitative and qualitative surveys, were conducted. The results indicate that message persuasiveness is strongly associated with the social learning of negative eWOM behavior. Negative eWOM behavior subsequently influences post-firestorm purchasing behavior. The moderating effects of platform content centricity and individual–firm relationship closeness are discussed. These findings advance the literature and offer practitioners actionable insights into managing digital crises.","['Online firestorms', 'social media', 'electronic word of mouth', 'eWOM', 'negative eWOM', 'social consensus', 'message persuasiveness', 'social learning']",Zach W. Y. Lee,Zach W. Y. Lee,"Zach W. Y. Lee (zachwylee@gmail.com; corresponding author) is Professor of Business Analytics at the School of Business, the University of Leicester, UK. His research interests include online consumer behavior, organizational and societal implications of IT use, social media, and online communities. Dr. Lee has published in such international journals as MIS Quarterly, Information Systems Research, Journal of Management Information Systems, Journal of the Association for Information Systems, Information Systems Journal, Information & Management, and others. He serves as senior editor of Internet Research and associate editor of Information Systems Journal.",University of Leicester,England,United Kingdom
https://www.tandfonline.com/doi/full/10.1080/07421222.2025.2520170,"Journal of Management Information Systems, Volume 42, Issue 3 (2025)",Understanding the Drivers and Outcomes of Ideologically Charged Social Media Firestorms: The Sociotechnical and Social Learning Perspectives,2025,"Social media firestorms, characterized by the rapid spread of negative electronic word of mouth (eWOM), can ignite widespread criticism of a firm’s brand transgressions, service failures, product-harm crises, or ideological conflicts. This study, grounded in the sociotechnical and social learning perspectives, examines the drivers and outcomes of social learning in ideologically charged firestorms, which represent an emerging form. We investigate the effects of social consensus and message persuasiveness, platform content centricity, and individual–firm relationship closeness on the social learning of negative eWOM behavior and purchase behavior. Two studies, comprising longitudinal quantitative and qualitative surveys, were conducted. The results indicate that message persuasiveness is strongly associated with the social learning of negative eWOM behavior. Negative eWOM behavior subsequently influences post-firestorm purchasing behavior. The moderating effects of platform content centricity and individual–firm relationship closeness are discussed. These findings advance the literature and offer practitioners actionable insights into managing digital crises.","['Online firestorms', 'social media', 'electronic word of mouth', 'eWOM', 'negative eWOM', 'social consensus', 'message persuasiveness', 'social learning']",Meizhi Pan,Meizhi Pan,"Meizhi Pan (meizhi.pan@durham.ac.uk) is Ph.D. student in the Department of Management & Marketing at Durham University Business School, Durham University, UK. She received her Master’s degree from Capital University of Economics and Business in China. Her research interests are related to digital marketing, influencer marketing, and consumer behaviors. Her work has been published in Journal of the Academy of Marketing Science.",Durham University,Durham,United Kingdom
https://www.tandfonline.com/doi/full/10.1080/07421222.2025.2520170,"Journal of Management Information Systems, Volume 42, Issue 3 (2025)",Understanding the Drivers and Outcomes of Ideologically Charged Social Media Firestorms: The Sociotechnical and Social Learning Perspectives,2025,"Social media firestorms, characterized by the rapid spread of negative electronic word of mouth (eWOM), can ignite widespread criticism of a firm’s brand transgressions, service failures, product-harm crises, or ideological conflicts. This study, grounded in the sociotechnical and social learning perspectives, examines the drivers and outcomes of social learning in ideologically charged firestorms, which represent an emerging form. We investigate the effects of social consensus and message persuasiveness, platform content centricity, and individual–firm relationship closeness on the social learning of negative eWOM behavior and purchase behavior. Two studies, comprising longitudinal quantitative and qualitative surveys, were conducted. The results indicate that message persuasiveness is strongly associated with the social learning of negative eWOM behavior. Negative eWOM behavior subsequently influences post-firestorm purchasing behavior. The moderating effects of platform content centricity and individual–firm relationship closeness are discussed. These findings advance the literature and offer practitioners actionable insights into managing digital crises.","['Online firestorms', 'social media', 'electronic word of mouth', 'eWOM', 'negative eWOM', 'social consensus', 'message persuasiveness', 'social learning']",Ke Sun,Ke Sun,"Ke Sun (sk9921@126.com) is Lecturer in the School of Economics and Management, Ningbo University of Technology, China. She received her doctoral degree at Northumbria University, UK. Her research interests include the sharing economy and consumer behaviors.",Ningbo University of Technology,Zhejiang,China
https://www.tandfonline.com/doi/full/10.1080/07421222.2025.2520177,"Journal of Management Information Systems, Volume 42, Issue 3 (2025)",Algorithmic Stakeholder Governance on Content Platforms: A Lead Role Perspective,2025,"Algorithmic governance is not enough on its own to manage and protect the interests of multiple stakeholders. Therefore, platforms are increasingly seeking to involve stakeholders in their algorithmic governance, synthesizing the domains of algorithmic governance and stakeholder governance. We denote this synthesis as algorithmic stakeholder governance. In this paper, we examine algorithmic stakeholder governance in the context of content platforms focusing on the algorithmically mediated interactions among three key stakeholders—creators, consumers, and advertisers. We explore this topic by conducting an in-depth study of the YouTube platform. Using grounded theory techniques, we generate a model that explains the process by which platform stakeholder interactions are algorithmically governed to address key stakeholder conflicts related to free speech, information diversity, and content safety. Our model suggests that algorithmic stakeholder governance provides a forum for resolving these stakeholder conflicts and theorizes the interplay between the platform’s approach to algorithmic stakeholder governance and stakeholder participation. Our research contributes primarily to the literature on platform governance and algorithmic governance on platforms more specifically, by shifting the focus from centralized control and viewing users as objects of governance towards a more decentralized and balanced perspective where platform users are viewed as active stakeholders.","['Algorithmic stakeholder governance', 'platform governance', 'algorithmic governance', 'stakeholder governance', 'case study', 'grounded theory', 'online platforms', 'content platforms']",Mareike Möhlmann,Mareike Moehlmann,"Mareike Möhlmann (mmoehlmann@bentley.edu); is an Associate Professor in Department of Computer Information Systems, Business School, Bentley University. Her major research interests include managing AI, algorithmic management, the future of work, human-AI interaction, and (sharing economy) platforms. Dr. Möhlmann has published in such journals such as MIS Quarterly, Research Policy, and Journal of the Association for Information Systems, among others. Her work has also appeared in major practitioner outlets such as the Harvard Business Review and the MIT Sloan Management Review.",Bentley University,Massachusetts,United States
https://www.tandfonline.com/doi/full/10.1080/07421222.2025.2520177,"Journal of Management Information Systems, Volume 42, Issue 3 (2025)",Algorithmic Stakeholder Governance on Content Platforms: A Lead Role Perspective,2025,"Algorithmic governance is not enough on its own to manage and protect the interests of multiple stakeholders. Therefore, platforms are increasingly seeking to involve stakeholders in their algorithmic governance, synthesizing the domains of algorithmic governance and stakeholder governance. We denote this synthesis as algorithmic stakeholder governance. In this paper, we examine algorithmic stakeholder governance in the context of content platforms focusing on the algorithmically mediated interactions among three key stakeholders—creators, consumers, and advertisers. We explore this topic by conducting an in-depth study of the YouTube platform. Using grounded theory techniques, we generate a model that explains the process by which platform stakeholder interactions are algorithmically governed to address key stakeholder conflicts related to free speech, information diversity, and content safety. Our model suggests that algorithmic stakeholder governance provides a forum for resolving these stakeholder conflicts and theorizes the interplay between the platform’s approach to algorithmic stakeholder governance and stakeholder participation. Our research contributes primarily to the literature on platform governance and algorithmic governance on platforms more specifically, by shifting the focus from centralized control and viewing users as objects of governance towards a more decentralized and balanced perspective where platform users are viewed as active stakeholders.","['Algorithmic stakeholder governance', 'platform governance', 'algorithmic governance', 'stakeholder governance', 'case study', 'grounded theory', 'online platforms', 'content platforms']",Robert Gregory,Robert Gregory,"Robert Gregory (rwgregory@miami.edu) is Associate Professor of Business Technology at Herbert Business School, University of Miami. He serves as Associate Editor for Information Systems Research, Senior Editor for Journal of the Association for Information Systems, and member of the Editorial Review Board of Academy of Management Review. Dr. Gregory’s publication outlets include Academy of Management Review, Information Systems Research, MIS Quarterly, and MIT Sloan Management Review, among others.",University of Miami,Florida,United States
https://www.tandfonline.com/doi/full/10.1080/07421222.2025.2520177,"Journal of Management Information Systems, Volume 42, Issue 3 (2025)",Algorithmic Stakeholder Governance on Content Platforms: A Lead Role Perspective,2025,"Algorithmic governance is not enough on its own to manage and protect the interests of multiple stakeholders. Therefore, platforms are increasingly seeking to involve stakeholders in their algorithmic governance, synthesizing the domains of algorithmic governance and stakeholder governance. We denote this synthesis as algorithmic stakeholder governance. In this paper, we examine algorithmic stakeholder governance in the context of content platforms focusing on the algorithmically mediated interactions among three key stakeholders—creators, consumers, and advertisers. We explore this topic by conducting an in-depth study of the YouTube platform. Using grounded theory techniques, we generate a model that explains the process by which platform stakeholder interactions are algorithmically governed to address key stakeholder conflicts related to free speech, information diversity, and content safety. Our model suggests that algorithmic stakeholder governance provides a forum for resolving these stakeholder conflicts and theorizes the interplay between the platform’s approach to algorithmic stakeholder governance and stakeholder participation. Our research contributes primarily to the literature on platform governance and algorithmic governance on platforms more specifically, by shifting the focus from centralized control and viewing users as objects of governance towards a more decentralized and balanced perspective where platform users are viewed as active stakeholders.","['Algorithmic stakeholder governance', 'platform governance', 'algorithmic governance', 'stakeholder governance', 'case study', 'grounded theory', 'online platforms', 'content platforms']",Ola Henfridsson,Ola Henfridsson,"Ola Henfridsson (ohenfridsson@miami.edu)is the Schein Family Endowed Chair, Professor of Business Technology, and the Associate Dean of Online Business Programs at Miami Herbert Business School, University of Miami. His research interests relate to digital innovation, technology management, and platforms. Dr. Henfridsson’s research has been published in such journals as Academy of Management Review, Information Systems Research, MIS Quarterly, and Organization Science.",University of Miami,Florida,United States
https://www.tandfonline.com/doi/full/10.1080/07421222.2025.2520175,"Journal of Management Information Systems, Volume 42, Issue 3 (2025)",Roles of Psychological Recovery Experiences and Visual Anonymity in Team-based Gamified Online Learning,2025,"Gamification has been widely adopted by businesses and educational institutions to drive desired user behaviors and performance. Despite its significance across industry, healthcare, and organizational contexts, its role in fostering psychological recovery experiences (PRE) remains underexplored. Grounded in gamification frameworks and literature on affordances and PRE, this study investigates the mediating role of PRE between gamification affordances and personal initiative. Additionally, we examine the moderating effect of perceived visual anonymity as a situational affordance in the relationship between gamification affordances and PRE. To test our hypotheses, we collected data from 682 graduate students enrolled in an enterprise resource planning (ERP) course (Study 1: 258; Study 2: 424). Our findings reveal that mastery and control experiences mediate the relationship between collaboration and feedback affordances and personal initiative. Furthermore, perceived visual anonymity negatively moderates the relationship between collaboration affordance and mastery and control experiences, while positively moderating the relationship between feedback affordance and control experience. This study highlights the importance of psychological recovery experiences and perceived visual anonymity in fostering personal initiative within gamified online learning environments.","['Gamification', 'gamified learning', 'online learning', 'psychological recovery', 'IT affordances', 'visual anonymity', 'personal initiatives', 'simulation games.']",Dong-Heon (Austin) Kwak,Dong-Heon Kwak,"Dong-Heon (Austin) Kwak (dkwak@kent.edu) is Associate Professor of Information Systems at Ambassador Crawford College of Business and Entrepreneurship, Kent State University. He received his PhD in Information Systems (IS) from the University of Wisconsin-Milwaukee. Dr. Kwak’s research focuses on cyberbullying, cyberloafing, persuasion, gamification, and IT training. His research has been published in Journal of the Association for Information Systems, European Journal of Information Systems, Information & Management, Internet Research, Computers in Human Behavior, and other outlets.",Kent State University,Ohio,United States
https://www.tandfonline.com/doi/full/10.1080/07421222.2025.2520175,"Journal of Management Information Systems, Volume 42, Issue 3 (2025)",Roles of Psychological Recovery Experiences and Visual Anonymity in Team-based Gamified Online Learning,2025,"Gamification has been widely adopted by businesses and educational institutions to drive desired user behaviors and performance. Despite its significance across industry, healthcare, and organizational contexts, its role in fostering psychological recovery experiences (PRE) remains underexplored. Grounded in gamification frameworks and literature on affordances and PRE, this study investigates the mediating role of PRE between gamification affordances and personal initiative. Additionally, we examine the moderating effect of perceived visual anonymity as a situational affordance in the relationship between gamification affordances and PRE. To test our hypotheses, we collected data from 682 graduate students enrolled in an enterprise resource planning (ERP) course (Study 1: 258; Study 2: 424). Our findings reveal that mastery and control experiences mediate the relationship between collaboration and feedback affordances and personal initiative. Furthermore, perceived visual anonymity negatively moderates the relationship between collaboration affordance and mastery and control experiences, while positively moderating the relationship between feedback affordance and control experience. This study highlights the importance of psychological recovery experiences and perceived visual anonymity in fostering personal initiative within gamified online learning environments.","['Gamification', 'gamified learning', 'online learning', 'psychological recovery', 'IT affordances', 'visual anonymity', 'personal initiatives', 'simulation games.']",Asher John,John Asher,"Asher John is an assistant professor in Information Systems (IS) at the Department of Management Information Systems in the Foster College of Business at Bradley University in Peoria, IL, USA. Asher holds a Ph.D. in IS from the Ambassador Crawford College of Business at Kent State University, USA. He also holds a Ph.D. in Applied Linguistics from Ball State University, USA. Dr. John’s research focuses on gamification, cybersecurity, agentic IS, and artificial intelligence. His research has been published in the European Journal of Information Systems.",Bradley University,Illinois,United States
https://www.tandfonline.com/doi/full/10.1080/07421222.2025.2520175,"Journal of Management Information Systems, Volume 42, Issue 3 (2025)",Roles of Psychological Recovery Experiences and Visual Anonymity in Team-based Gamified Online Learning,2025,"Gamification has been widely adopted by businesses and educational institutions to drive desired user behaviors and performance. Despite its significance across industry, healthcare, and organizational contexts, its role in fostering psychological recovery experiences (PRE) remains underexplored. Grounded in gamification frameworks and literature on affordances and PRE, this study investigates the mediating role of PRE between gamification affordances and personal initiative. Additionally, we examine the moderating effect of perceived visual anonymity as a situational affordance in the relationship between gamification affordances and PRE. To test our hypotheses, we collected data from 682 graduate students enrolled in an enterprise resource planning (ERP) course (Study 1: 258; Study 2: 424). Our findings reveal that mastery and control experiences mediate the relationship between collaboration and feedback affordances and personal initiative. Furthermore, perceived visual anonymity negatively moderates the relationship between collaboration affordance and mastery and control experiences, while positively moderating the relationship between feedback affordance and control experience. This study highlights the importance of psychological recovery experiences and perceived visual anonymity in fostering personal initiative within gamified online learning environments.","['Gamification', 'gamified learning', 'online learning', 'psychological recovery', 'IT affordances', 'visual anonymity', 'personal initiatives', 'simulation games.']",Jose Benitez,Jose Benitez,"Jose Benitez (jbenite1@kent.edu; corresponding author) is Professor of Information Systems, Department Chair of Information Systems and Business Analytics, and the Bridgestone Endowed Chair in International Business at the Ambassador Crawford College of Business and Entrepreneurship, Kent State University. His research and teaching interests cover the impact of digital technologies on organizations and individuals and the development of theory and quantitative research methods in IS research. Dr. Benitez has published about 70 papers in elite and leading journals including MIS Quarterly, Information Systems Research, Journal of Management Information Systems, Journal of Operations Management, Production and Operations Management, Journal of the Association for Information Systems, Journal of International Business Studies, and other journals. He is a Senior Editor of the Journal of International Business Studies, Information & Management, and Decision Support Systems and an Associate Editor of Journal of the Association for Information Systems. Dr. Benitez is an Association for Information Systems Distinguished Member Cum Laude and has received the AIS Sandra Slaughter Service Award.",Kent State University,Ohio,United States
https://www.tandfonline.com/doi/full/10.1080/07421222.2025.2520175,"Journal of Management Information Systems, Volume 42, Issue 3 (2025)",Roles of Psychological Recovery Experiences and Visual Anonymity in Team-based Gamified Online Learning,2025,"Gamification has been widely adopted by businesses and educational institutions to drive desired user behaviors and performance. Despite its significance across industry, healthcare, and organizational contexts, its role in fostering psychological recovery experiences (PRE) remains underexplored. Grounded in gamification frameworks and literature on affordances and PRE, this study investigates the mediating role of PRE between gamification affordances and personal initiative. Additionally, we examine the moderating effect of perceived visual anonymity as a situational affordance in the relationship between gamification affordances and PRE. To test our hypotheses, we collected data from 682 graduate students enrolled in an enterprise resource planning (ERP) course (Study 1: 258; Study 2: 424). Our findings reveal that mastery and control experiences mediate the relationship between collaboration and feedback affordances and personal initiative. Furthermore, perceived visual anonymity negatively moderates the relationship between collaboration affordance and mastery and control experiences, while positively moderating the relationship between feedback affordance and control experience. This study highlights the importance of psychological recovery experiences and perceived visual anonymity in fostering personal initiative within gamified online learning environments.","['Gamification', 'gamified learning', 'online learning', 'psychological recovery', 'IT affordances', 'visual anonymity', 'personal initiatives', 'simulation games.']",Soomin Park,Soomin Park,"Soomin Park (Soomin.Park@howard.edu) is Assistant Professor of Supply Chain Management at Howard University.. His research interests include supply chain agility, logistics outsourcing management, economic effects of structure change in international trade network, ERP education, and cybersecurity. His work has been published in the European Journal of Information Systems and Internet Research.",Howard University,District of Columbia,United States
https://www.tandfonline.com/doi/full/10.1080/07421222.2025.2520175,"Journal of Management Information Systems, Volume 42, Issue 3 (2025)",Roles of Psychological Recovery Experiences and Visual Anonymity in Team-based Gamified Online Learning,2025,"Gamification has been widely adopted by businesses and educational institutions to drive desired user behaviors and performance. Despite its significance across industry, healthcare, and organizational contexts, its role in fostering psychological recovery experiences (PRE) remains underexplored. Grounded in gamification frameworks and literature on affordances and PRE, this study investigates the mediating role of PRE between gamification affordances and personal initiative. Additionally, we examine the moderating effect of perceived visual anonymity as a situational affordance in the relationship between gamification affordances and PRE. To test our hypotheses, we collected data from 682 graduate students enrolled in an enterprise resource planning (ERP) course (Study 1: 258; Study 2: 424). Our findings reveal that mastery and control experiences mediate the relationship between collaboration and feedback affordances and personal initiative. Furthermore, perceived visual anonymity negatively moderates the relationship between collaboration affordance and mastery and control experiences, while positively moderating the relationship between feedback affordance and control experience. This study highlights the importance of psychological recovery experiences and perceived visual anonymity in fostering personal initiative within gamified online learning environments.","['Gamification', 'gamified learning', 'online learning', 'psychological recovery', 'IT affordances', 'visual anonymity', 'personal initiatives', 'simulation games.']",Yu (Audrey) Zhao,Audrey Zhao,"Yu (Audrey) Zhao (yzhao3@lamar.edu) is Associate Professor of Information Systems and the Bart and Martye Simmons Professor in the College of Business at Lamar University. She obtained her PhD in Management Science with a concentration in IS from the University of Wisconsin-Milwaukee. Dr. Zhao’s research focuses on distance learning, technostress, gamification, and the use of emerging technologies. Her work has been published in the European Journal of Information Systems, Information & Management, Communications of the Association for Information Systems, and other journals.",Lamar University,Texas,United States
https://www.tandfonline.com/doi/full/10.1080/07421222.2025.2520175,"Journal of Management Information Systems, Volume 42, Issue 3 (2025)",Roles of Psychological Recovery Experiences and Visual Anonymity in Team-based Gamified Online Learning,2025,"Gamification has been widely adopted by businesses and educational institutions to drive desired user behaviors and performance. Despite its significance across industry, healthcare, and organizational contexts, its role in fostering psychological recovery experiences (PRE) remains underexplored. Grounded in gamification frameworks and literature on affordances and PRE, this study investigates the mediating role of PRE between gamification affordances and personal initiative. Additionally, we examine the moderating effect of perceived visual anonymity as a situational affordance in the relationship between gamification affordances and PRE. To test our hypotheses, we collected data from 682 graduate students enrolled in an enterprise resource planning (ERP) course (Study 1: 258; Study 2: 424). Our findings reveal that mastery and control experiences mediate the relationship between collaboration and feedback affordances and personal initiative. Furthermore, perceived visual anonymity negatively moderates the relationship between collaboration affordance and mastery and control experiences, while positively moderating the relationship between feedback affordance and control experience. This study highlights the importance of psychological recovery experiences and perceived visual anonymity in fostering personal initiative within gamified online learning environments.","['Gamification', 'gamified learning', 'online learning', 'psychological recovery', 'IT affordances', 'visual anonymity', 'personal initiatives', 'simulation games.']",Merrill Warkentin,Merrill Warkentin,"Merrill Warkentin (m.warkentin@msstate.edu) is a William L. Giles Distinguished University Professor at Mississippi State University, where he serves as the James J. Rouse Endowed Professor of Information Systems in the College of Business. His research, primarily on the impacts of organizational, contextual, and dispositional influences on individual behaviors in the contexts of information security/privacy, social media, and eGovernment, has been cited over 20,000 times (h-index = 58), Dr. Warkentin’s work appeared in MIS Quarterly, Journal of Management Information Systems, Journal of the Association for Information Systems, European Journal of Information Systems, Information Systems Journal, MIT Sloan Management Review, Information & Management, Decision Sciences, and other venues. He is the author or editor of seven books, and has authored or co-authored over 300 published manuscripts. He is the Editor-in-Chief of the Journal of Intellectual Capital and has served in senior editorial roles for numerous scientific journals. He has held officer and other leadership positions in the scholarly societies: AIS, DSI, IFIP, and ACM. His work has been funded by NATO, NSF, NSA, DoD, Homeland Security, IBM, and others. He has been named an AIS Fellow and an ACM Distinguished Scientist and was ranked by Stanford University among the top 2 percent of global scientists for the past three years.",Mississippi State University,Mississippi,United States
https://www.tandfonline.com/doi/full/10.1080/07421222.2025.2520176,"Journal of Management Information Systems, Volume 42, Issue 3 (2025)",Risk of Cyberattacks Arising from Strategic Alliances with Big Tech,2025,"This research theorizes and documents for the first time a cyber risk that may arise from strategic alliances with Big Tech, a grouping of the most dominant companies in the information technology industry. This research proposes that alliances with Big Tech tend to involve leveraging and integrating Big Tech’s innovative technological capabilities into a focal firm’s data management, operations, products, or services. This process can be understood as an inter-organizational system of systems integration and is presented as a mechanism that makes focal firms vulnerable to external cyberattacks. In addition, this research theorizes and shows that the effect of strategic alliances with Big Tech on the risk of cyberattacks is not linear; instead, it increases up to a certain point and then starts decreasing. Finally, this research suggests that intangible asset intensity strengthens the relationship between strategic alliances with Big Tech and the risk of cyberattacks. The findings of this research provide timely and important insights into cyber risks arising from strategic alliances centered on integrating systems and technologies across partner firms’ boundaries.","['Strategic alliance', 'Big Tech', 'security vulnerabilities', 'cyber risk', 'cyberattacks', 'innovative technological capabilities', 'system of systems', 'intangible asset intensity', 'inverted U-shaped relationship']",Jong Seok Lee,Jong Seok Lee,"Jong Seok Lee (jlee236@utk.edu; corresponding author) is Associate Professor in the Department of Accounting and Information Management in the Haslam College of Business and Economics at the University of Tennessee, Knoxville. He holds a PhD in Computer Information Systems from Georgia State University. Dr. Lee’s research focuses on advancing our understanding of IT project management, adaptive and evolutionary behavior, and cybersecurity management. His work has been published in several scholarly journals, including Journal of Management Information Systems, Information Systems Research, Journal of Association for Information Systems, European Journal of Information Systems, and Information Systems Journal.","University of Tennessee, Knoxville",Tennessee,United States
https://www.tandfonline.com/doi/full/10.1080/07421222.2025.2520178,"Journal of Management Information Systems, Volume 42, Issue 3 (2025)",Mixed Signals: The Effects of Online Rating Discrepancy on User Trust,2025,"This study investigates how discrepancies in reputational signals across online platforms affect users’ trust and cognitive processes. Using an eye-tracking experiment, it examines participants’ responses to conflicting ratings, with a focus on attention patterns and decision-making. Results reveal that signal discrepancies significantly reduce trust. Participants exhibit increased cognitive load when confronted with inconsistent signals, as evidenced by longer fixation times and more frequent transitions between ratings. These findings suggest that conflicting information demands greater cognitive effort. The study also highlights the differential effects of primary (native) and secondary (imported) signals, demonstrating that platform-specific reputational systems play a dominant role in trust-building. By offering insights into the relationship among conflicting signals, trust, and cognitive processing, the study provides a novel theoretical perspective on reputation portability and derives practical implications for complementors and platform operators.","['Online platforms', 'online reputation', 'online signaling', 'online trust', 'online ratings', 'eye tracking', 'cognitive effort']",Florian Schneider,Florian Schneider,"Florian Schneider (f.schneider@campus.tu-berlin.de) is a member of the research group in the Digital Service Engineering Department of the Faculty of Economics and Management at Technical University (TU) Berlin, Germany, as a PhD student. He earned a double Master’s degree in Business Administration and Information Systems at Copenhagen Business School, Denmark, and in Management (at the University of Mannheim, Germany. He works on reputation systems with a focus on reputation portability, as well as on fake reviews. Previously, he was a strategy consultant with a focus on technology strategy, working in particular on projects related to digital growth strategies and transformations, as well as supporting large digital ventures in the financial services and public sectors.",Technical University Berlin,Berlin,Germany
https://www.tandfonline.com/doi/full/10.1080/07421222.2025.2520178,"Journal of Management Information Systems, Volume 42, Issue 3 (2025)",Mixed Signals: The Effects of Online Rating Discrepancy on User Trust,2025,"This study investigates how discrepancies in reputational signals across online platforms affect users’ trust and cognitive processes. Using an eye-tracking experiment, it examines participants’ responses to conflicting ratings, with a focus on attention patterns and decision-making. Results reveal that signal discrepancies significantly reduce trust. Participants exhibit increased cognitive load when confronted with inconsistent signals, as evidenced by longer fixation times and more frequent transitions between ratings. These findings suggest that conflicting information demands greater cognitive effort. The study also highlights the differential effects of primary (native) and secondary (imported) signals, demonstrating that platform-specific reputational systems play a dominant role in trust-building. By offering insights into the relationship among conflicting signals, trust, and cognitive processing, the study provides a novel theoretical perspective on reputation portability and derives practical implications for complementors and platform operators.","['Online platforms', 'online reputation', 'online signaling', 'online trust', 'online ratings', 'eye tracking', 'cognitive effort']",Pavel Dykmann,Pavel Dykmann,"Pavel Dykmann (dykmannpavel@icloud.com) earned his Master’s degree in Information Systems Management at TU Berlin. During his studies, he focused on online reputation and completed his thesis at the chair of Trust in Digital Services. His research focuses on reputation portability and its effect on consumer trust. He is now software developer at OEV Online Dienste GmbH. In this role, he leverages his expertise in information systems to develop and optimize software solutions in the financial services sector.",Technische Universität Berlin,Berlin,Germany
https://www.tandfonline.com/doi/full/10.1080/07421222.2025.2520178,"Journal of Management Information Systems, Volume 42, Issue 3 (2025)",Mixed Signals: The Effects of Online Rating Discrepancy on User Trust,2025,"This study investigates how discrepancies in reputational signals across online platforms affect users’ trust and cognitive processes. Using an eye-tracking experiment, it examines participants’ responses to conflicting ratings, with a focus on attention patterns and decision-making. Results reveal that signal discrepancies significantly reduce trust. Participants exhibit increased cognitive load when confronted with inconsistent signals, as evidenced by longer fixation times and more frequent transitions between ratings. These findings suggest that conflicting information demands greater cognitive effort. The study also highlights the differential effects of primary (native) and secondary (imported) signals, demonstrating that platform-specific reputational systems play a dominant role in trust-building. By offering insights into the relationship among conflicting signals, trust, and cognitive processing, the study provides a novel theoretical perspective on reputation portability and derives practical implications for complementors and platform operators.","['Online platforms', 'online reputation', 'online signaling', 'online trust', 'online ratings', 'eye tracking', 'cognitive effort']",Timm Teubner,Timm Teubner,"Timm Teubner (teubner@tu-berlin.de) is professor of Digital Service Engineering in the Faculty of Economics and Management at TU Berlin. He is a director of the Einstein Center Digital Future, as well as a member of the Institute of Technology and Management, and a fellow of the Berlin Centre for Consumer Policies. The main focus of Dr. Teubner’s work is the analysis and design of digital platform ecosystems. This includes the investigation of user behavior and psychology, technical, as well as strategic aspects. Dr. Teubner’s research is primarily based on quantitative approaches, including laboratory and field experiments, structured surveys, network analysis, as well as analysis of secondary data using statistical and data mining methods.",Technische Universität Berlin,Berlin,Germany
https://www.tandfonline.com/doi/full/10.1080/07421222.2025.2520171,"Journal of Management Information Systems, Volume 42, Issue 3 (2025)",Digital Skill Visibility and Job Promotion of Open Source Software Developers,2025,"Material to inform the decisions on the job promotion of open source software (OSS) developers is available on platforms. Digital features increase the visibility of OSS developer technical and interpersonal skills. Digital features also make it possible for OSS developers to visibly receive endorsements and recommendations from others about those skills. It is unclear how well the visibility of technical versus interpersonal skills through such digital features facilitates OSS developer job promotions. Leveraging Turner’s contest-sponsored mobility framework [66], we theorize and empirically examine these concerns using a sample of 269 OSS developers. We find that a developer making their technical skills visible on digital platforms is associated with job promotions. In contrast, the visibility of interpersonal skills through recommendations affects job promotions. Our findings contribute to theory and practice by providing a lens to understand the differential effects of technical versus interpersonal skill visibility offered by different digital features and their effect on OSS developer job promotions.","['Open source software, OSS, job promotions', 'digital features, OSS developers', 'technical skills', 'interpersonal skills', 'contest mechanism', 'sponsored mechanism.']",Sherae L Daniel,Sherae L Daniel,"Sherae L Daniel (daniesr@ucmail.uc.edu; corresponding author) is Associate Professor of Operations, Business Analytics and Information Systems in the Carl H. Lindner College of Business at the University of Cincinnati. Dr. Daniel’s research seeks to reveal how to best manage collaboration challenges in nontraditional work environments. Her research has been published in premier outlets such as Information Systems Research, MIS Quarterly, and the Journal of Association for Information Systems.",University of Cincinnati,Ohio,United States
https://www.tandfonline.com/doi/full/10.1080/07421222.2025.2520171,"Journal of Management Information Systems, Volume 42, Issue 3 (2025)",Digital Skill Visibility and Job Promotion of Open Source Software Developers,2025,"Material to inform the decisions on the job promotion of open source software (OSS) developers is available on platforms. Digital features increase the visibility of OSS developer technical and interpersonal skills. Digital features also make it possible for OSS developers to visibly receive endorsements and recommendations from others about those skills. It is unclear how well the visibility of technical versus interpersonal skills through such digital features facilitates OSS developer job promotions. Leveraging Turner’s contest-sponsored mobility framework [66], we theorize and empirically examine these concerns using a sample of 269 OSS developers. We find that a developer making their technical skills visible on digital platforms is associated with job promotions. In contrast, the visibility of interpersonal skills through recommendations affects job promotions. Our findings contribute to theory and practice by providing a lens to understand the differential effects of technical versus interpersonal skill visibility offered by different digital features and their effect on OSS developer job promotions.","['Open source software, OSS, job promotions', 'digital features, OSS developers', 'technical skills', 'interpersonal skills', 'contest mechanism', 'sponsored mechanism.']",Renzhi (Fred) Zhao,Renzhi Zhao,Renzhi (Fred) Zhao (fredzhao@txstate.edu) is Assistant Professor of Information Systems and Analytics in the McCoy College of Business at Texas State University. He earned his Ph.D. in Computer Information Systems from the J. Mack Robinson College of Business at Georgia State University. Dr. Zhao’s research seeks to understand how individuals and organizations make decisions in the digital age. His current work focuses on two primary areas: AI-augmented decision-making and decision-making within the open-source software (OSS) community.,Texas State University,Texas,United States
https://www.tandfonline.com/doi/full/10.1080/07421222.2025.2520171,"Journal of Management Information Systems, Volume 42, Issue 3 (2025)",Digital Skill Visibility and Job Promotion of Open Source Software Developers,2025,"Material to inform the decisions on the job promotion of open source software (OSS) developers is available on platforms. Digital features increase the visibility of OSS developer technical and interpersonal skills. Digital features also make it possible for OSS developers to visibly receive endorsements and recommendations from others about those skills. It is unclear how well the visibility of technical versus interpersonal skills through such digital features facilitates OSS developer job promotions. Leveraging Turner’s contest-sponsored mobility framework [66], we theorize and empirically examine these concerns using a sample of 269 OSS developers. We find that a developer making their technical skills visible on digital platforms is associated with job promotions. In contrast, the visibility of interpersonal skills through recommendations affects job promotions. Our findings contribute to theory and practice by providing a lens to understand the differential effects of technical versus interpersonal skill visibility offered by different digital features and their effect on OSS developer job promotions.","['Open source software, OSS, job promotions', 'digital features, OSS developers', 'technical skills', 'interpersonal skills', 'contest mechanism', 'sponsored mechanism.']",Likoebe M. Maruping,Likoebe Maruping,"Likoebe M. Maruping (lmaruping@gsu.edu) is Professor of Computer Information Systems and a member of the Center for Digital Innovation in the J. Mack Robinson College of Business at Georgia State University. His research is primarily focused on innovation in startups and small- and large-scale collectives such as teams, communities, and crowds. He investigates how digital technology, governance, and collaboration are implicated in innovation at different levels of analysis.",Georgia State University,Georgia,United States
https://www.tandfonline.com/doi/full/10.1080/07421222.2025.2520180,"Journal of Management Information Systems, Volume 42, Issue 3 (2025)",Impact of Non-Diagnostic Digital Services on Online Healthcare Consultation,2025,"The persistent preference of patients for well-known healthcare providers inevitably leads to demand imbalances within the healthcare sector. Luckily, our research reveals that online healthcare platforms (OHPs) can address this issue by offering non-diagnostic digital services. Using an OHP-based online prescribing service as an example, our study reveals that this non-diagnostic digital service has resulted in a significant increase in consultations, particularly for less prominent hospitals and junior physicians. This shift promotes a more equitable distribution of healthcare demand. Furthermore, we demonstrate that the balancing effect primarily arises from attracting low-uncertainty demand–consultations that focus less on diagnosis—and from fostering trust between patients and physicians. Our findings present a compelling information systems (IS) solution to the pressing issue of patient demand imbalance. By illustrating how a non-diagnostic digital solution can transform healthcare delivery and enhance resource allocation, we contribute to improved healthcare efficiency. This paper offers insights for researchers focused on OHP design and for health practitioners seeking to leverage digital solutions to manage demand.","['Online healthcare', 'healthcare platforms', 'online prescribing', 'healthcare demand', 'load balancing', 'trust spillover', 'demand distribution']",Sijia Zhou,Sijia Zhou,"Sijia Zhou (sijiazhou@seu.edu.cn) is Assistant Professor in the Department of Electronic Commerce at Southeast University, China. She received her PhD in Information Systems from City University of Hong Kong. Dr. Zhou’s research interests focus on online healthcare and social influence. Her research has been published in MIS Quarterly, Journal of Management Information Systems, Decision Support Systems, and other venues.",Southeast University,Jiangsu,China
https://www.tandfonline.com/doi/full/10.1080/07421222.2025.2520180,"Journal of Management Information Systems, Volume 42, Issue 3 (2025)",Impact of Non-Diagnostic Digital Services on Online Healthcare Consultation,2025,"The persistent preference of patients for well-known healthcare providers inevitably leads to demand imbalances within the healthcare sector. Luckily, our research reveals that online healthcare platforms (OHPs) can address this issue by offering non-diagnostic digital services. Using an OHP-based online prescribing service as an example, our study reveals that this non-diagnostic digital service has resulted in a significant increase in consultations, particularly for less prominent hospitals and junior physicians. This shift promotes a more equitable distribution of healthcare demand. Furthermore, we demonstrate that the balancing effect primarily arises from attracting low-uncertainty demand–consultations that focus less on diagnosis—and from fostering trust between patients and physicians. Our findings present a compelling information systems (IS) solution to the pressing issue of patient demand imbalance. By illustrating how a non-diagnostic digital solution can transform healthcare delivery and enhance resource allocation, we contribute to improved healthcare efficiency. This paper offers insights for researchers focused on OHP design and for health practitioners seeking to leverage digital solutions to manage demand.","['Online healthcare', 'healthcare platforms', 'online prescribing', 'healthcare demand', 'load balancing', 'trust spillover', 'demand distribution']",Yanzhen Chen,Yanzhen Chen,"Dr. Yanzhen Chen (imyanzhen@ust.hk, corresponding author) is Associate Professor at Hong Kong University of Science and Technology. She holds a PhD from the University of Texas at Austin. Dr Chen specializes in the study of emerging technology, causal Inference, and statistical learning. Her work has been published in top journals, such as Information Systems Research, Journal of Management Information Systems, MIS Quarterly, and in Journal of Machine Learning Research, and has been featured in the media including Bloomberg and CNBC. Her presentations at prestigious institutions, such as the Federal Reserve Bank in Philadelphia and the U.S. Department of Treasury, highlight the academic and practical influence of her work.",Hong Kong University of Science and Technology,Hong Kong,Hong Kong
https://www.tandfonline.com/doi/full/10.1080/07421222.2025.2520180,"Journal of Management Information Systems, Volume 42, Issue 3 (2025)",Impact of Non-Diagnostic Digital Services on Online Healthcare Consultation,2025,"The persistent preference of patients for well-known healthcare providers inevitably leads to demand imbalances within the healthcare sector. Luckily, our research reveals that online healthcare platforms (OHPs) can address this issue by offering non-diagnostic digital services. Using an OHP-based online prescribing service as an example, our study reveals that this non-diagnostic digital service has resulted in a significant increase in consultations, particularly for less prominent hospitals and junior physicians. This shift promotes a more equitable distribution of healthcare demand. Furthermore, we demonstrate that the balancing effect primarily arises from attracting low-uncertainty demand–consultations that focus less on diagnosis—and from fostering trust between patients and physicians. Our findings present a compelling information systems (IS) solution to the pressing issue of patient demand imbalance. By illustrating how a non-diagnostic digital solution can transform healthcare delivery and enhance resource allocation, we contribute to improved healthcare efficiency. This paper offers insights for researchers focused on OHP design and for health practitioners seeking to leverage digital solutions to manage demand.","['Online healthcare', 'healthcare platforms', 'online prescribing', 'healthcare demand', 'load balancing', 'trust spillover', 'demand distribution']",Xin Li,Xin Li,"Xin Li (xin.li.phd@gmail.com) is Professor in Department of Management and Marketing at the Hong Kong Polytechnic University. He was Professor in the Department of Information Systems at City University of Hong Kong. He received his PhD in Management from University of Arizona. Dr. Lin’s research interests include digital economy, machine learning, social networks, and applied econometrics. His research appears in Information Systems Research, Journal of Management Information Systems, MIS Quarterly, and INFORMS Journal on Computing, among others. He is an Associate Editor of INFORMS Journal on Computing and Information & Management, and a Senior Editor of Information Technology and People.",Hong Kong Polytechnic University,Hong Kong,China
https://www.tandfonline.com/doi/full/10.1080/07421222.2025.2487315,"Journal of Management Information Systems, Volume 42, Issue 2 (2025)",Generative AI and its Transformative Value for Digital Platforms,2025,"The emergence of generative artificial intelligence (GenAI) represents a watershed moment in the evolution of digital platforms. The capabilities of this AI technology go beyond traditional AI systems, enabling the autonomous generation of novel outcomes with significant implications for platform value creation, architecture, governance, and stakeholder interactions. We develop an integrative conceptual framework that identifies four key mechanisms through which GenAI transforms digital platforms: intelligent automation, democratization, hyper-personalization, and collaborative innovation. Through intelligent automation, GenAI transforms boundary resources from passive interfaces into active, intelligent mediators of value creation. Democratization systematically lowers barriers to platform participation. Hyper-personalization enables dynamic, individual-level adaptation of platform content. Collaborative innovation transforms platform innovation by making GenAI an active participant in human-AI value co-creation. We use this framework to situate the papers in the special issue and develop a research agenda that explores the transformative impact of GenAI on platform stakeholder relationships.","['Generative artificial intelligence', 'generative AI', 'GenAI', 'artificial intelligence', 'large language model', 'digital platforms', 'intelligent automation', 'platform democratization', 'hyper-personalization', 'collaborative innovation']",Michael Wessel,Michael Wessel,"Michael Wessel (michael.wessel@uni-jena.de; corresponding author) is chaired Professor of Business Information Systems, especially E-Commerce and Digital Business at the Friedrich Schiller University Jena, Germany and Associate Professor at the Department of Digitalization, Copenhagen Business School, Denmark. He holds a PhD in Information Systems from the Technical University of Darmstadt, Germany. Dr. Wessel’s current research projects, which are mainly empirical and quantitative, include the management of digital platforms, the design of consumer-oriented e-commerce solutions, the development of digital and data-based business models, the potential of digital entrepreneurship, and the interaction between humans and AI/algorithms. His work has been published in such journals as Journal of Management Information Systems, Journal of Information Technology, Information Systems Journal, Decision Support Systems, and others. He serves as Associate Editor for the European Journal of Information Systems.",Friedrich Schiller University Jena,Thuringia,Germany
https://www.tandfonline.com/doi/full/10.1080/07421222.2025.2487315,"Journal of Management Information Systems, Volume 42, Issue 2 (2025)",Generative AI and its Transformative Value for Digital Platforms,2025,"The emergence of generative artificial intelligence (GenAI) represents a watershed moment in the evolution of digital platforms. The capabilities of this AI technology go beyond traditional AI systems, enabling the autonomous generation of novel outcomes with significant implications for platform value creation, architecture, governance, and stakeholder interactions. We develop an integrative conceptual framework that identifies four key mechanisms through which GenAI transforms digital platforms: intelligent automation, democratization, hyper-personalization, and collaborative innovation. Through intelligent automation, GenAI transforms boundary resources from passive interfaces into active, intelligent mediators of value creation. Democratization systematically lowers barriers to platform participation. Hyper-personalization enables dynamic, individual-level adaptation of platform content. Collaborative innovation transforms platform innovation by making GenAI an active participant in human-AI value co-creation. We use this framework to situate the papers in the special issue and develop a research agenda that explores the transformative impact of GenAI on platform stakeholder relationships.","['Generative artificial intelligence', 'generative AI', 'GenAI', 'artificial intelligence', 'large language model', 'digital platforms', 'intelligent automation', 'platform democratization', 'hyper-personalization', 'collaborative innovation']",Martin Adam,Martin Adam,"Martin Adam (martin.adam@uni-goettingen.de) is chaired Professor of Information Systems, especially Smart Services, at the University of Goettingen, Germany. His research interests include user-AI collaborations as well as the digital transformation of work and people. Dr. Adam’s work has been published in such journals as Information Systems Research, Journal of the Association for Information Systems, Information Systems Journal, European Journal of Information Systems, and many others. He serves as an Associate Editor for Information Systems Journal, Business & Information Systems Engineering, and Electronic Markets.",University of Goettingen,Lower Saxony,Germany
https://www.tandfonline.com/doi/full/10.1080/07421222.2025.2487315,"Journal of Management Information Systems, Volume 42, Issue 2 (2025)",Generative AI and its Transformative Value for Digital Platforms,2025,"The emergence of generative artificial intelligence (GenAI) represents a watershed moment in the evolution of digital platforms. The capabilities of this AI technology go beyond traditional AI systems, enabling the autonomous generation of novel outcomes with significant implications for platform value creation, architecture, governance, and stakeholder interactions. We develop an integrative conceptual framework that identifies four key mechanisms through which GenAI transforms digital platforms: intelligent automation, democratization, hyper-personalization, and collaborative innovation. Through intelligent automation, GenAI transforms boundary resources from passive interfaces into active, intelligent mediators of value creation. Democratization systematically lowers barriers to platform participation. Hyper-personalization enables dynamic, individual-level adaptation of platform content. Collaborative innovation transforms platform innovation by making GenAI an active participant in human-AI value co-creation. We use this framework to situate the papers in the special issue and develop a research agenda that explores the transformative impact of GenAI on platform stakeholder relationships.","['Generative artificial intelligence', 'generative AI', 'GenAI', 'artificial intelligence', 'large language model', 'digital platforms', 'intelligent automation', 'platform democratization', 'hyper-personalization', 'collaborative innovation']",Alexander Benlian,Alexander Benlian,"Alexander Benlian (benlian@ise.tu-darmstadt.de) is chaired Professor of Information Systems and E-Services at Technical University Darmstadt, Germany. He holds a PhD in Business Administration and Management Information Systems from LMU Munich, Germany. Dr. Benlian’s research interests include human-AI collaboration, algorithmic management, platform ecosystems and digital transformation. His work has appeared in such journals as, Information Systems Research, Journal of Management Information Systems, MIS Quarterly, and several others. He is Associate Editor of Information Systems Research, Senior Editor of the European Journal of Information Systems, Department Editor of Business & Information Systems Engineering, and serves the Editorial Review Board of MIS Quarterly Executive and Electronic Markets.",Technical University Darmstadt,Hesse,Germany
https://www.tandfonline.com/doi/full/10.1080/07421222.2025.2487315,"Journal of Management Information Systems, Volume 42, Issue 2 (2025)",Generative AI and its Transformative Value for Digital Platforms,2025,"The emergence of generative artificial intelligence (GenAI) represents a watershed moment in the evolution of digital platforms. The capabilities of this AI technology go beyond traditional AI systems, enabling the autonomous generation of novel outcomes with significant implications for platform value creation, architecture, governance, and stakeholder interactions. We develop an integrative conceptual framework that identifies four key mechanisms through which GenAI transforms digital platforms: intelligent automation, democratization, hyper-personalization, and collaborative innovation. Through intelligent automation, GenAI transforms boundary resources from passive interfaces into active, intelligent mediators of value creation. Democratization systematically lowers barriers to platform participation. Hyper-personalization enables dynamic, individual-level adaptation of platform content. Collaborative innovation transforms platform innovation by making GenAI an active participant in human-AI value co-creation. We use this framework to situate the papers in the special issue and develop a research agenda that explores the transformative impact of GenAI on platform stakeholder relationships.","['Generative artificial intelligence', 'generative AI', 'GenAI', 'artificial intelligence', 'large language model', 'digital platforms', 'intelligent automation', 'platform democratization', 'hyper-personalization', 'collaborative innovation']",Ann Majchrzak,Ann Majchrzak,"Ann Majchrzak (majchrza@usc.edu) is Professor Emerita of Digital Innovation at Marshall School of Business, University of Southern California. She received her PhD degree in Social Psychology from University of California, Los Angeles. Dr. Majchrzak has authored or coauthored extensively and serves on the editorial boards of many journals in the field. She has held concurrent appointments at Esade Business School (Spain), Ramon Llull University (Spain), and Luiss Business School (Italy). Her research interests include virtual large-scale collaborations for innovation.",University of Southern California,California,United States
https://www.tandfonline.com/doi/full/10.1080/07421222.2025.2487315,"Journal of Management Information Systems, Volume 42, Issue 2 (2025)",Generative AI and its Transformative Value for Digital Platforms,2025,"The emergence of generative artificial intelligence (GenAI) represents a watershed moment in the evolution of digital platforms. The capabilities of this AI technology go beyond traditional AI systems, enabling the autonomous generation of novel outcomes with significant implications for platform value creation, architecture, governance, and stakeholder interactions. We develop an integrative conceptual framework that identifies four key mechanisms through which GenAI transforms digital platforms: intelligent automation, democratization, hyper-personalization, and collaborative innovation. Through intelligent automation, GenAI transforms boundary resources from passive interfaces into active, intelligent mediators of value creation. Democratization systematically lowers barriers to platform participation. Hyper-personalization enables dynamic, individual-level adaptation of platform content. Collaborative innovation transforms platform innovation by making GenAI an active participant in human-AI value co-creation. We use this framework to situate the papers in the special issue and develop a research agenda that explores the transformative impact of GenAI on platform stakeholder relationships.","['Generative artificial intelligence', 'generative AI', 'GenAI', 'artificial intelligence', 'large language model', 'digital platforms', 'intelligent automation', 'platform democratization', 'hyper-personalization', 'collaborative innovation']",Ferdinand Thies,Ferdinand Thies,"Ferdinand Thies (ferdinand.thies@bfh.ch) is Professor at the Institute for Digital Technology Management at the Bern University of Applied Sciences, Switzerland. He holds a PhD in Information Systems from the Technical University of Darmstadt, Germany. Dr. Thies’ research interests include digital platforms, entrepreneurship, and AI. He has published in Journal of Management Information Systems, Journal of Business Venturing, Entrepreneurship Theory and Practice, Information Systems Journal, Journal of Information Technology, among others. He serves as Associate Editor for the European Journal of Information Systems.",Bern University of Applied Sciences,Bern,Switzerland
https://www.tandfonline.com/doi/full/10.1080/07421222.2025.2487313,"Journal of Management Information Systems, Volume 42, Issue 2 (2025)",Heterogeneous Effects of Generative artificial intelligence (GenAI) on Knowledge Seeking in Online Communities,2025,"Generative AI (GenAI) may fundamentally reshape how users seek knowledge in online knowledge sharing communities. Although prior work found an overall decrease in knowledge seeking in online communities upon the availability of GenAI, the underlying dynamics across user groups have remained unexplored. This study addresses that gap. Drawing on commitment-based theory, we hypothesize that casual users—motivated by cost-benefit considerations—are more likely to reduce their question-posting activity than highly committed members. Using a difference-in-differences analysis, we find that ChatGPT’s arrival leads to a substantial drop in questions on StackExchange, primarily driven by casual users (about 18.2%). Motivated by information foraging theory, we reveal heterogeneous downstream effects of GenAI on question characteristics. In particular, we find that the questions by casual users become more complex and novel, while those by intensive and top users do not. These results highlight the importance of heterogeneous user motivations in shaping platform dynamics, underscoring that while GenAI may diminish overall participation, it may also increase the value of the remaining content. Our study offers insights for knowledge sharing communities, managers, and stakeholders reliant on user-generated data, providing a nuanced view of GenAI’s disruptive influence.","['Generative AI', 'GAI', 'GenAI', 'knowledge seeking', 'commitment-based theory', 'information foraging theory', 'knowledge-sharing communities']",Martin Quinn,Martin Quinn,"Martin Quinn (quinn@rsm.nl) is Assistant Professor at the Rotterdam School of Management, Erasmus University, The Netherlands. He obtained his PhD from Télécom Paris. Dr. Quinn’s research focuses on the impact of digitization on society. His work has been accepted for publication at such outlets as The Economic Journal and Journal of Economics & Management Strategy.",Erasmus University Rotterdam,South Holland,Netherlands
https://www.tandfonline.com/doi/full/10.1080/07421222.2025.2487313,"Journal of Management Information Systems, Volume 42, Issue 2 (2025)",Heterogeneous Effects of Generative artificial intelligence (GenAI) on Knowledge Seeking in Online Communities,2025,"Generative AI (GenAI) may fundamentally reshape how users seek knowledge in online knowledge sharing communities. Although prior work found an overall decrease in knowledge seeking in online communities upon the availability of GenAI, the underlying dynamics across user groups have remained unexplored. This study addresses that gap. Drawing on commitment-based theory, we hypothesize that casual users—motivated by cost-benefit considerations—are more likely to reduce their question-posting activity than highly committed members. Using a difference-in-differences analysis, we find that ChatGPT’s arrival leads to a substantial drop in questions on StackExchange, primarily driven by casual users (about 18.2%). Motivated by information foraging theory, we reveal heterogeneous downstream effects of GenAI on question characteristics. In particular, we find that the questions by casual users become more complex and novel, while those by intensive and top users do not. These results highlight the importance of heterogeneous user motivations in shaping platform dynamics, underscoring that while GenAI may diminish overall participation, it may also increase the value of the remaining content. Our study offers insights for knowledge sharing communities, managers, and stakeholders reliant on user-generated data, providing a nuanced view of GenAI’s disruptive influence.","['Generative AI', 'GAI', 'GenAI', 'knowledge seeking', 'commitment-based theory', 'information foraging theory', 'knowledge-sharing communities']",Dominik Gutt,Dominik Gutt,"Dominik Gutt (gutt@rsm.nl; corresponding author) is Assistant Professor at the Rotterdam School of Management, Erasmus University. He received his PhD from Paderborn University, Germany. Dr. Gutt’s research focuses on user-generated content and artificial intelligence. His work has been accepted for publication in such outlets as Information Systems Research and MIS Quarterly. He received the AIS Early Career Award in 2024 and the Reviewer of the Year Award 2023 from MIS Quarterly.",Erasmus University Rotterdam,South Holland,Netherlands
https://www.tandfonline.com/doi/full/10.1080/07421222.2025.2487312,"Journal of Management Information Systems, Volume 42, Issue 2 (2025)",Shifting Dynamics: How Generative AI as a Boundary Resource Reshapes Digital Platform Governance,2025,"Digital platforms are increasingly integrating Generative AI (GenAI) tools as a boundary resource to enhance the quantity and quality of content with the ultimate goal of improving platform viability. As GenAI tools hold unique characteristics compared to traditional boundary resources, platform owners need to adapt their governance mechanisms accordingly. To understand how platform governance evolves over time in response to this novel boundary resource, we draw on the distributed tuning framework and build on insights from an in-depth qualitative study of a digital content platform in the educational sector. We find that the platform owner deployed different logics of GenAI integration over time that were enacted through specific governance mechanisms. The shift in logics and respective governance mechanisms was triggered by a dialectic process of resistance and accommodation between platform actors. In this process, the GenAI-enabled boundary resource not only changed over time but also served as a means for the power dynamics between platform owner and complementors to be reshaped. Our study contributes to both the platform governance literature as well as recent debates around GenAI.","['Digital platforms', 'GenAI', 'platform governance', 'boundary resource', 'distributed tuning']",Anne-Sophie Mayer,Anne-Sophie Mayer,"Anne-Sophie Mayer (a.s.mayer@lmu.de; corresponding author) is an associate professor at the LMU Munich, Germany. She holds a PhD in Business Administration from the University of Passau, Germany. Dr. Mayer’s research focuses on how emerging technologies transform work and organizing. In this context, she is particularly interested in exploring how relational dynamics and occupational structures within organizations change due to the implementation of emerging technologies. Her work has been published in such journals as Journal of the Association for Information Systems, Information Systems Journal, Information and Organization, and MIS Quarterly Executive.",Ludwig Maximilian University of Munich,Bavaria,Germany
https://www.tandfonline.com/doi/full/10.1080/07421222.2025.2487312,"Journal of Management Information Systems, Volume 42, Issue 2 (2025)",Shifting Dynamics: How Generative AI as a Boundary Resource Reshapes Digital Platform Governance,2025,"Digital platforms are increasingly integrating Generative AI (GenAI) tools as a boundary resource to enhance the quantity and quality of content with the ultimate goal of improving platform viability. As GenAI tools hold unique characteristics compared to traditional boundary resources, platform owners need to adapt their governance mechanisms accordingly. To understand how platform governance evolves over time in response to this novel boundary resource, we draw on the distributed tuning framework and build on insights from an in-depth qualitative study of a digital content platform in the educational sector. We find that the platform owner deployed different logics of GenAI integration over time that were enacted through specific governance mechanisms. The shift in logics and respective governance mechanisms was triggered by a dialectic process of resistance and accommodation between platform actors. In this process, the GenAI-enabled boundary resource not only changed over time but also served as a means for the power dynamics between platform owner and complementors to be reshaped. Our study contributes to both the platform governance literature as well as recent debates around GenAI.","['Digital platforms', 'GenAI', 'platform governance', 'boundary resource', 'distributed tuning']",Angelos Kostis,Angelos Kostis,"Angelos Kostis (ankostis@stanford.edu) is an assistant professor at Umeå School of Business, Economics and Statistics, Umeå University, Sweden, and a Wallander research fellow at Stanford University. His research interests lie in the processes of organizing data flows, digital transformation, and the integration of emerging digital technologies in less digitally mature contexts. Dr. Kostis has increasingly focused on the notion of datafied workplaces and the involvement of artificial intelligence in shaping organizational dynamics. His research has appeared in such journals as Organization Studies, California Management Review, Industrial Marketing Management, and European Management Journal.",Umeå University,Västerbotten,Sweden
https://www.tandfonline.com/doi/full/10.1080/07421222.2025.2487312,"Journal of Management Information Systems, Volume 42, Issue 2 (2025)",Shifting Dynamics: How Generative AI as a Boundary Resource Reshapes Digital Platform Governance,2025,"Digital platforms are increasingly integrating Generative AI (GenAI) tools as a boundary resource to enhance the quantity and quality of content with the ultimate goal of improving platform viability. As GenAI tools hold unique characteristics compared to traditional boundary resources, platform owners need to adapt their governance mechanisms accordingly. To understand how platform governance evolves over time in response to this novel boundary resource, we draw on the distributed tuning framework and build on insights from an in-depth qualitative study of a digital content platform in the educational sector. We find that the platform owner deployed different logics of GenAI integration over time that were enacted through specific governance mechanisms. The shift in logics and respective governance mechanisms was triggered by a dialectic process of resistance and accommodation between platform actors. In this process, the GenAI-enabled boundary resource not only changed over time but also served as a means for the power dynamics between platform owner and complementors to be reshaped. Our study contributes to both the platform governance literature as well as recent debates around GenAI.","['Digital platforms', 'GenAI', 'platform governance', 'boundary resource', 'distributed tuning']",Franz Strich,Franz Strich,"Franz Strich (f.strich@deakin.edu.au) is a senior lecturer in Information Systems and Business Analytics at Deakin Business School, Melbourne, Australia. His research focuses on human-AI interaction and its impact on the changing nature of work. With an interdisciplinary background in Clinical and Organizational Psychology, Business Economics, and Information Systems, Dr. Strich’s work provides strategic insights into the challenges of digital transformation and aids organizations in addressing the complexities and employee dynamics brought about by recent technological advancements. His research has been published in such journals as Journal of the Association for Information Systems, European Journal of Information Systems, Information Systems Journal, MIS Quarterly Executive, and Journal of Cultural Economics.",Deakin University,Victoria,Australia
https://www.tandfonline.com/doi/full/10.1080/07421222.2025.2487312,"Journal of Management Information Systems, Volume 42, Issue 2 (2025)",Shifting Dynamics: How Generative AI as a Boundary Resource Reshapes Digital Platform Governance,2025,"Digital platforms are increasingly integrating Generative AI (GenAI) tools as a boundary resource to enhance the quantity and quality of content with the ultimate goal of improving platform viability. As GenAI tools hold unique characteristics compared to traditional boundary resources, platform owners need to adapt their governance mechanisms accordingly. To understand how platform governance evolves over time in response to this novel boundary resource, we draw on the distributed tuning framework and build on insights from an in-depth qualitative study of a digital content platform in the educational sector. We find that the platform owner deployed different logics of GenAI integration over time that were enacted through specific governance mechanisms. The shift in logics and respective governance mechanisms was triggered by a dialectic process of resistance and accommodation between platform actors. In this process, the GenAI-enabled boundary resource not only changed over time but also served as a means for the power dynamics between platform owner and complementors to be reshaped. Our study contributes to both the platform governance literature as well as recent debates around GenAI.","['Digital platforms', 'GenAI', 'platform governance', 'boundary resource', 'distributed tuning']",Jonny Holmström,Jonny Holmström,"Jonny Holmström (jonny.holmstrom@umu.se) is a full Professor at the Swedish Center for Digital Innovation at the Department of Informatics, Umeå University. He is the director and co-founder of Swedish Center for Digital Innovation and writes, consults, and speaks on topics such as digital innovation, digital transformation, and digital entrepreneurship. Dr. Holmström’s work has appeared in such journals as Communications of the AIS, Design Issues, European Journal of Information Systems, Information and Organization, Information Systems Journal, Information Technology and People, Journal of the AIS, Journal of Information Technology, Journal of Strategic Information Systems, MIS Quarterly, Research Policy, and The Information Society.",Umeå University,Västerbotten,Sweden
https://www.tandfonline.com/doi/full/10.1080/07421222.2025.2487314,"Journal of Management Information Systems, Volume 42, Issue 2 (2025)",Are You Willing to Pay for Generative Artificial Intelligence (GenAI) Products? Disentangling the Disclosure Effects and the Mediating Role of Psychological Value,2025,"While digital platform vendors are rapidly offering new generative artificial intelligence products (GAIPs), prior research on algorithmic aversion suggests that users may not respond to them the same way as to the human-generated products (HGPs). We propose that GAIPs induce psychological value, defined as a user’s intrinsic desire for a product that can influence their willingness to pay and may depend on the product type. Disclosing a product as a GAIP or HGP could further influence user reactions. From our randomized experiments with three different products representing functional, hybrid, and creative product types, we find psychological value plays an important role in creative products, such as wall art. Human disclosure shows no effect on functional or highly creative products. Our study theoretically extends the algorithmic aversion literature by illustrating the role of psychological value in GAIP highlighting the nuanced role of product type and disclosure in influencing user reactions and offering practical implications.","['GenAI products', 'GAIP', 'GenAI disclosure', 'human-generated products', 'HGP', 'human disclosure', 'psychological value', 'willingness to pay']",Bachazile Sikhondze,Bachazile Sikhondze,"Bachazile Sikhondze (bachazile@ou.edu) is a PhD candidate in the MIS Division at the Price College of Business, University of Oklahoma. Her research focuses on the psychological impacts of technology use at both the organizational and individual levels, particularly on technostress and human-AI interactions. Her research has been presented at such conferences as ICIS, HICSS, and AMCIS.",University of Oklahoma,Oklahoma,United States
https://www.tandfonline.com/doi/full/10.1080/07421222.2025.2487314,"Journal of Management Information Systems, Volume 42, Issue 2 (2025)",Are You Willing to Pay for Generative Artificial Intelligence (GenAI) Products? Disentangling the Disclosure Effects and the Mediating Role of Psychological Value,2025,"While digital platform vendors are rapidly offering new generative artificial intelligence products (GAIPs), prior research on algorithmic aversion suggests that users may not respond to them the same way as to the human-generated products (HGPs). We propose that GAIPs induce psychological value, defined as a user’s intrinsic desire for a product that can influence their willingness to pay and may depend on the product type. Disclosing a product as a GAIP or HGP could further influence user reactions. From our randomized experiments with three different products representing functional, hybrid, and creative product types, we find psychological value plays an important role in creative products, such as wall art. Human disclosure shows no effect on functional or highly creative products. Our study theoretically extends the algorithmic aversion literature by illustrating the role of psychological value in GAIP highlighting the nuanced role of product type and disclosure in influencing user reactions and offering practical implications.","['GenAI products', 'GAIP', 'GenAI disclosure', 'human-generated products', 'HGP', 'human disclosure', 'psychological value', 'willingness to pay']",Hua Jonathan Ye,Jonathan Ye,"Hua Jonathan Ye (jonathan.ye@ou.edu; corresponding author) is an associate professor in the MIS Division of the Price College of Business at the University of Oklahoma. His research interests include AI-generated content, crowdsourcing, and AI innovation. Dr. Ye’s papers appear in such top journals as MIS Quarterly, Journal of Management Information Systems, Production and Operations Management, Journal of the Association for Information Systems, and in the proceedings of premium conferences. He is the Associate Editor of the European Journal of Information Systems.",University of Oklahoma,Oklahoma,United States
https://www.tandfonline.com/doi/full/10.1080/07421222.2025.2487314,"Journal of Management Information Systems, Volume 42, Issue 2 (2025)",Are You Willing to Pay for Generative Artificial Intelligence (GenAI) Products? Disentangling the Disclosure Effects and the Mediating Role of Psychological Value,2025,"While digital platform vendors are rapidly offering new generative artificial intelligence products (GAIPs), prior research on algorithmic aversion suggests that users may not respond to them the same way as to the human-generated products (HGPs). We propose that GAIPs induce psychological value, defined as a user’s intrinsic desire for a product that can influence their willingness to pay and may depend on the product type. Disclosing a product as a GAIP or HGP could further influence user reactions. From our randomized experiments with three different products representing functional, hybrid, and creative product types, we find psychological value plays an important role in creative products, such as wall art. Human disclosure shows no effect on functional or highly creative products. Our study theoretically extends the algorithmic aversion literature by illustrating the role of psychological value in GAIP highlighting the nuanced role of product type and disclosure in influencing user reactions and offering practical implications.","['GenAI products', 'GAIP', 'GenAI disclosure', 'human-generated products', 'HGP', 'human disclosure', 'psychological value', 'willingness to pay']",Weiyu Wang,Weiyu Wang,"Weiyu Wang (weiyuwang-1@ou.edu) is a PhD student in the MIS Division at the Price College of Business, University of Oklahoma. Her research interests include digital innovation and transformation, and the impact of information technology on human decision-making, behavior, and well-being.",University of Oklahoma,Oklahoma,United States
https://www.tandfonline.com/doi/full/10.1080/07421222.2025.2487314,"Journal of Management Information Systems, Volume 42, Issue 2 (2025)",Are You Willing to Pay for Generative Artificial Intelligence (GenAI) Products? Disentangling the Disclosure Effects and the Mediating Role of Psychological Value,2025,"While digital platform vendors are rapidly offering new generative artificial intelligence products (GAIPs), prior research on algorithmic aversion suggests that users may not respond to them the same way as to the human-generated products (HGPs). We propose that GAIPs induce psychological value, defined as a user’s intrinsic desire for a product that can influence their willingness to pay and may depend on the product type. Disclosing a product as a GAIP or HGP could further influence user reactions. From our randomized experiments with three different products representing functional, hybrid, and creative product types, we find psychological value plays an important role in creative products, such as wall art. Human disclosure shows no effect on functional or highly creative products. Our study theoretically extends the algorithmic aversion literature by illustrating the role of psychological value in GAIP highlighting the nuanced role of product type and disclosure in influencing user reactions and offering practical implications.","['GenAI products', 'GAIP', 'GenAI disclosure', 'human-generated products', 'HGP', 'human disclosure', 'psychological value', 'willingness to pay']",Xinhui Zhan,Xinhui Zhan,"Xinhui Zhan (xzhan@ou.edu) is a PhD student in the MIS Division at the Price College of Business, University of Oklahoma. Her research interests encompass behavioral security, AI incidents, and human-AI interaction. Her work has been published in Information Systems Research and in the proceedings of prestigious conferences such as ICIS, HICSS, and AMCIS.",University of Oklahoma,Oklahoma,United States
https://www.tandfonline.com/doi/full/10.1080/07421222.2025.2487314,"Journal of Management Information Systems, Volume 42, Issue 2 (2025)",Are You Willing to Pay for Generative Artificial Intelligence (GenAI) Products? Disentangling the Disclosure Effects and the Mediating Role of Psychological Value,2025,"While digital platform vendors are rapidly offering new generative artificial intelligence products (GAIPs), prior research on algorithmic aversion suggests that users may not respond to them the same way as to the human-generated products (HGPs). We propose that GAIPs induce psychological value, defined as a user’s intrinsic desire for a product that can influence their willingness to pay and may depend on the product type. Disclosing a product as a GAIP or HGP could further influence user reactions. From our randomized experiments with three different products representing functional, hybrid, and creative product types, we find psychological value plays an important role in creative products, such as wall art. Human disclosure shows no effect on functional or highly creative products. Our study theoretically extends the algorithmic aversion literature by illustrating the role of psychological value in GAIP highlighting the nuanced role of product type and disclosure in influencing user reactions and offering practical implications.","['GenAI products', 'GAIP', 'GenAI disclosure', 'human-generated products', 'HGP', 'human disclosure', 'psychological value', 'willingness to pay']",Radhika Santhanam,Radhika Santhanam,"Radhika Santhanam (radhika@ou.edu) is the Michael F. Price Endowed Chair in MIS at the Price College of Business at the University of Oklahoma. The focus of her research is to enrich human-technology interactions and identify methods by which organizations can support employees in appropriating the benefits of information systems, both at an individual and collective level. Her recent work investigates the use of gamification, chatbots, and Generative AI tools to enhance meaningful engagement in people’s interactions with information technology. She has published in leading journals and has held senior editorial positions in various journals including Information Systems Research and Journal of the Association of Information Systems. She received the Association of Information Systems Fellow Award in 2024.",University of Oklahoma,Oklahoma,United States
https://www.tandfonline.com/doi/full/10.1080/07421222.2025.2487311,"Journal of Management Information Systems, Volume 42, Issue 2 (2025)",Generative Artificial Intelligence (GenAI)-Based Recommender Addressing Contribution Pollution and Information Cacophony on Digital Platforms,2025,"Digital platforms facilitate interactions among geographically distributed users which reinforce the positive network effects. However, a disproportionate increase in the contributions of users results in contribution pollution (disproportionate increase in users’ contributions) and information cacophony (incoherence of contributions). Unaddressed, contribution pollution and information cacophony challenges have negative implications for platform efficiency and users’ humanistic outcomes. This paper highlights the limitations of existing mechanisms and proposes a framework for a generative artificial intelligence (GenAI)–based recommender system. To evaluate the efficacy of the GenAI–based recommender system, we develop an agent-based simulation model and conduct experiments using real data from three platforms (Reddit, Hacker News, and Stack Overflow). This research contributes a novel sociotechnical framework that addresses the challenges of contribution pollution and information cacophony. For the governance of platforms, this research provides actionable guidance on the policy implications of integrating GenAI-based technologies for user- and platform-level outcomes.","['Digital platforms', 'complex adaptive system', 'generative AI', 'GenAI', 'online pollution', 'contribution pollution', 'information cacophony', 'recommender systems', 'agent-based simulation', 'network effects']",Onkar S. Malgonde,Onkar Malgonde,"Onkar S. Malgonde (omalgonde@ncsu.edu; corresponding author) is an Assistant Professor in the Business Management department, Poole College of Management, North Carolina State University. He received his PhD in Information Systems from the University of South Florida. Before starting his graduate studies, Dr. Malgonde was a Systems Engineer with Infosys Technologies. His research interests are at the intersection of data analytics, digital platforms, and software systems. His papers have been published in such journals as Journal of Management Information Systems, MIS Quarterly, Empirical Software Engineering, and Electronic Markets, and in the proceedings of premier Information Systems conferences and workshops.",North Carolina State University,North Carolina,United States
https://www.tandfonline.com/doi/full/10.1080/07421222.2025.2487310,"Journal of Management Information Systems, Volume 42, Issue 2 (2025)",Complementor Value Co-Creation in Generative AI Platform Ecosystems,2025,"Compared to traditional digital technologies, generative artificial intelligence (GenAI) exhibits two facets—open-endedness and inscrutability—that create challenges for the value co-creation of complementors in GenAI platform ecosystems. For example, complementors lack standardized, reusable functionality that powers their applications and struggle to consistently generate desired outputs. To identify how complementors mitigate these challenges, we conducted an embedded case study of complementors in the OpenAI platform ecosystem. We identified four value co-creation mechanisms of embedded and stand-alone complements that mitigate the challenges: (1) utilizing system instructions, (2) providing context data, (3) curating user inputs, and (4) revising AI model outputs. Depending on the complement type, complementors employ these mechanisms, leverage synergies between mechanisms, and unlock previously not employable mechanisms. We contribute to research by revealing two novel logics—the reap logic and the differentiation logic—that explain how complementors co-create value by mitigating the challenges through the value co-creation mechanisms.","['Digital platforms', 'platform owner', 'complementarity', 'interfaces', 'APIs', 'open-endedness', 'strategies', 'value creation', 'apps', 'artificial intelligence', 'generative AI', 'GenAI', 'large language models', 'ChatGPT', 'case study']",Vincent Heimburg,Vincent Heimburg,"Vincent Heimburg (vincent.heimburg@tu-dortmund.de; corresponding author) is a PhD student at the Chair of Digital Transformation at TU Dortmund University, Germany. He received his Bachelor’s degree in Information Systems from DHBW Stuttgart, Germany, and his Master’s degree in Digital Pioneering from Zeppelin University, Germany. Vincent Heimburg’s research interests include value co-creation, governance, and power in the platform owner-complementor relationship in digital platform ecosystems. His research has been published in several Information Systems conference proceedings.",TU Dortmund University,North Rhine-Westphalia,Germany
https://www.tandfonline.com/doi/full/10.1080/07421222.2025.2487310,"Journal of Management Information Systems, Volume 42, Issue 2 (2025)",Complementor Value Co-Creation in Generative AI Platform Ecosystems,2025,"Compared to traditional digital technologies, generative artificial intelligence (GenAI) exhibits two facets—open-endedness and inscrutability—that create challenges for the value co-creation of complementors in GenAI platform ecosystems. For example, complementors lack standardized, reusable functionality that powers their applications and struggle to consistently generate desired outputs. To identify how complementors mitigate these challenges, we conducted an embedded case study of complementors in the OpenAI platform ecosystem. We identified four value co-creation mechanisms of embedded and stand-alone complements that mitigate the challenges: (1) utilizing system instructions, (2) providing context data, (3) curating user inputs, and (4) revising AI model outputs. Depending on the complement type, complementors employ these mechanisms, leverage synergies between mechanisms, and unlock previously not employable mechanisms. We contribute to research by revealing two novel logics—the reap logic and the differentiation logic—that explain how complementors co-create value by mitigating the challenges through the value co-creation mechanisms.","['Digital platforms', 'platform owner', 'complementarity', 'interfaces', 'APIs', 'open-endedness', 'strategies', 'value creation', 'apps', 'artificial intelligence', 'generative AI', 'GenAI', 'large language models', 'ChatGPT', 'case study']",Maximilian Schreieck,Maximilian Schreieck,"Maximilian Schreieck (maximilian.schreieck@uibk.ac.at) is Assistant Professor for Information Systems, particularly Digital Services and Platforms, at the Department of Information Systems, Production and Logistics Management at the University of Innsbruck, Austria. He earned his PhD in Information Systems from the Technical University of Munich and was a visiting scholar and DFG Walter Benjamin Fellow at The Wharton School, University of Pennsylvania. Dr. Schreieck’s research interests include digital platform ecosystems, platform governance, and digital platforms for social causes. His work has been published in leading journals, including MIS Quarterly, Journal of Management Information Systems, Journal of the AIS, Journal of Information Technology, Information Systems Journal, and European Journal of Information Systems.",University of Innsbruck,Tyrol,Austria
https://www.tandfonline.com/doi/full/10.1080/07421222.2025.2487310,"Journal of Management Information Systems, Volume 42, Issue 2 (2025)",Complementor Value Co-Creation in Generative AI Platform Ecosystems,2025,"Compared to traditional digital technologies, generative artificial intelligence (GenAI) exhibits two facets—open-endedness and inscrutability—that create challenges for the value co-creation of complementors in GenAI platform ecosystems. For example, complementors lack standardized, reusable functionality that powers their applications and struggle to consistently generate desired outputs. To identify how complementors mitigate these challenges, we conducted an embedded case study of complementors in the OpenAI platform ecosystem. We identified four value co-creation mechanisms of embedded and stand-alone complements that mitigate the challenges: (1) utilizing system instructions, (2) providing context data, (3) curating user inputs, and (4) revising AI model outputs. Depending on the complement type, complementors employ these mechanisms, leverage synergies between mechanisms, and unlock previously not employable mechanisms. We contribute to research by revealing two novel logics—the reap logic and the differentiation logic—that explain how complementors co-create value by mitigating the challenges through the value co-creation mechanisms.","['Digital platforms', 'platform owner', 'complementarity', 'interfaces', 'APIs', 'open-endedness', 'strategies', 'value creation', 'apps', 'artificial intelligence', 'generative AI', 'GenAI', 'large language models', 'ChatGPT', 'case study']",Manuel Wiesche,Manuel Wiesche,"Manuel Wiesche (manuel.wiesche@tu-dortmund.de) is Full Professor and Chair of Digital Transformation at TU Dortmund University. He graduated in Information Systems from University of Münster, Germany and holds a doctoral degree in information systems and a habilitation degree in management from TUM School of Management, Technische Universität München, Munich, Germany. His current research experiences and interests include IT workforce, IT project management, digital platform ecosystems, and IT service innovation. His research has been published in leading journals such as MISQ, JMIS, JAIS, JIT, ISJ, EJIS, CACM, BISE, I&M, EM, and MISQ Executive.",TU Dortmund University,North Rhine-Westphalia,Germany
https://www.tandfonline.com/doi/full/10.1080/07421222.2025.2487309,"Journal of Management Information Systems, Volume 42, Issue 2 (2025)",Effects of Nudging and Privacy Control on Online Physician Reviews: Evidence from a Field Experiment,2025,"Patients using healthcare services have substantial privacy concerns when writing online reviews of their physicians that may deter them from sharing information potentially helpful for others. This gives rise to a dilemma in which patients have to trade off between privacy and social welfare, leading to fewer and less informative reviews. To examine this trade off, we study how nudging strategies together with privacy control affect reviewers’ decisions related to the provision of reviews, disclosure of sensitive information, and identity revelation. We conducted a large-scale two-stage field experiment, complemented by lab experiments, to establish causality. Results reveal that nudging with an open appeal, compared to nudging with targeted benefits, increases the likelihood of patients submitting reviews. However, nudges that highlight benefits to self increase the proportion of patients revealing sensitive medical information in their reviews and the likelihood of them revealing their identity. Additionally, preemptive privacy control increases the likelihood of identity revelation without adversely impacting the sharing of sensitive information in reviews. Our findings highlight how nudging and privacy control influence patients’ review provision behavior. This study offers strategic implications for online platforms navigating the complex interplay of consumer motivations and privacy concerns in healthcare.","['Physician reviews', 'nudging', 'privacy', 'healthcare', 'field experiment', 'large language models']",Aishwarya Deep Shukla,Aishwarya Deep Shukla,"Aishwarya Deep Shukla (adshukla@sfu.ca) is Assistant Professor of Management Information Systems in the Beedie School of Business at Simon Fraser University (SFU). He obtained his PhD from Robert H. Smith School of Business at University of Maryland. Dr. Shukla’s work has been published in Management Science, among other venues. His research has been supported by grants from Social Science and Humanities Research Council of Canada. He has served as an Associate Editor for the International Conference of Information Systems.",Simon Fraser University,British Columbia,Canada
https://www.tandfonline.com/doi/full/10.1080/07421222.2025.2487309,"Journal of Management Information Systems, Volume 42, Issue 2 (2025)",Effects of Nudging and Privacy Control on Online Physician Reviews: Evidence from a Field Experiment,2025,"Patients using healthcare services have substantial privacy concerns when writing online reviews of their physicians that may deter them from sharing information potentially helpful for others. This gives rise to a dilemma in which patients have to trade off between privacy and social welfare, leading to fewer and less informative reviews. To examine this trade off, we study how nudging strategies together with privacy control affect reviewers’ decisions related to the provision of reviews, disclosure of sensitive information, and identity revelation. We conducted a large-scale two-stage field experiment, complemented by lab experiments, to establish causality. Results reveal that nudging with an open appeal, compared to nudging with targeted benefits, increases the likelihood of patients submitting reviews. However, nudges that highlight benefits to self increase the proportion of patients revealing sensitive medical information in their reviews and the likelihood of them revealing their identity. Additionally, preemptive privacy control increases the likelihood of identity revelation without adversely impacting the sharing of sensitive information in reviews. Our findings highlight how nudging and privacy control influence patients’ review provision behavior. This study offers strategic implications for online platforms navigating the complex interplay of consumer motivations and privacy concerns in healthcare.","['Physician reviews', 'nudging', 'privacy', 'healthcare', 'field experiment', 'large language models']",Jie Mein (JM) Goh,Jie Mein Goh,"Jie Mein (JM) Goh (jmgoh@sfu.ca) is Associate Professor of Management Information Systems in the Beedie School of Business at SFU. Her papers have been published in such journals as Information Systems Research, MIS Quarterly, MIT Sloan Management Review, European Journal of Information Systems, and Journal of Strategic Information Systems, among others. Her work has received the CIONET’s European Research Paper of the Year Award, nominated as finalist for multiple awards including the American Medical Informatics Association’s Diana Forsythe Award and has been cited in media and practitioner outlets such as BBC, ComputerWorld, Ideas For Leaders, and McKinsey Quarterly.",Simon Fraser University,British Columbia,Canada
https://www.tandfonline.com/doi/full/10.1080/07421222.2025.2487309,"Journal of Management Information Systems, Volume 42, Issue 2 (2025)",Effects of Nudging and Privacy Control on Online Physician Reviews: Evidence from a Field Experiment,2025,"Patients using healthcare services have substantial privacy concerns when writing online reviews of their physicians that may deter them from sharing information potentially helpful for others. This gives rise to a dilemma in which patients have to trade off between privacy and social welfare, leading to fewer and less informative reviews. To examine this trade off, we study how nudging strategies together with privacy control affect reviewers’ decisions related to the provision of reviews, disclosure of sensitive information, and identity revelation. We conducted a large-scale two-stage field experiment, complemented by lab experiments, to establish causality. Results reveal that nudging with an open appeal, compared to nudging with targeted benefits, increases the likelihood of patients submitting reviews. However, nudges that highlight benefits to self increase the proportion of patients revealing sensitive medical information in their reviews and the likelihood of them revealing their identity. Additionally, preemptive privacy control increases the likelihood of identity revelation without adversely impacting the sharing of sensitive information in reviews. Our findings highlight how nudging and privacy control influence patients’ review provision behavior. This study offers strategic implications for online platforms navigating the complex interplay of consumer motivations and privacy concerns in healthcare.","['Physician reviews', 'nudging', 'privacy', 'healthcare', 'field experiment', 'large language models']",Tianshu Sun,Tianshu Sun,"Tianshu Sun (tianshusun@ckgsb.edu.cn) is Dean’s Distinguished Chair Professor and Founding Director of Center for Global Digital Transformation at Cheung Kong Graduate School of Business, China. He obtained his Ph.D. in Information Systems from University of Maryland and was Robert Dockson Associate Professor (with tenure) at USC Marshall School of Business and Viterbi School of Engineering. He is an Associate Editor at Information Systems Research and Manufacturing and Service Operations Management. Dr. Sun has published over 20 papers on top-tier journals including Management Science, MIS Quarterly, Information Systems Research and Manufacturing and Service Operations Management and is recognized by 18 Best Paper Awards/Nominations at International Conferences in Information Systems, Marketing and Computer Science.",Cheung Kong Graduate School of Business,Beijing,China
https://www.tandfonline.com/doi/full/10.1080/07421222.2025.2487309,"Journal of Management Information Systems, Volume 42, Issue 2 (2025)",Effects of Nudging and Privacy Control on Online Physician Reviews: Evidence from a Field Experiment,2025,"Patients using healthcare services have substantial privacy concerns when writing online reviews of their physicians that may deter them from sharing information potentially helpful for others. This gives rise to a dilemma in which patients have to trade off between privacy and social welfare, leading to fewer and less informative reviews. To examine this trade off, we study how nudging strategies together with privacy control affect reviewers’ decisions related to the provision of reviews, disclosure of sensitive information, and identity revelation. We conducted a large-scale two-stage field experiment, complemented by lab experiments, to establish causality. Results reveal that nudging with an open appeal, compared to nudging with targeted benefits, increases the likelihood of patients submitting reviews. However, nudges that highlight benefits to self increase the proportion of patients revealing sensitive medical information in their reviews and the likelihood of them revealing their identity. Additionally, preemptive privacy control increases the likelihood of identity revelation without adversely impacting the sharing of sensitive information in reviews. Our findings highlight how nudging and privacy control influence patients’ review provision behavior. This study offers strategic implications for online platforms navigating the complex interplay of consumer motivations and privacy concerns in healthcare.","['Physician reviews', 'nudging', 'privacy', 'healthcare', 'field experiment', 'large language models']",Guodong (Gordon) Gao,Guodong Gao,"Guodong (Gordon) Gao (gordon.gao@jhu.edu) is professor at the Carey Business School of Johns Hopkins University and co-director of the Center for Digital Health and AI. Before that, he was the Dean’s Professor of AI in Healthcare, co-director of the Center for Health Information and Decision Systems, and the director of the Health Insights AI Lab, all at the University of Maryland, College Park. Dr. Gao’s research interests include AI in health care, health IT, and quality transparency. His research has been funded by NSF, NIH and AHRQ. He is a recipient of the NSF CAREER Award.",Johns Hopkins University,Maryland,United States
https://www.tandfonline.com/doi/full/10.1080/07421222.2025.2487309,"Journal of Management Information Systems, Volume 42, Issue 2 (2025)",Effects of Nudging and Privacy Control on Online Physician Reviews: Evidence from a Field Experiment,2025,"Patients using healthcare services have substantial privacy concerns when writing online reviews of their physicians that may deter them from sharing information potentially helpful for others. This gives rise to a dilemma in which patients have to trade off between privacy and social welfare, leading to fewer and less informative reviews. To examine this trade off, we study how nudging strategies together with privacy control affect reviewers’ decisions related to the provision of reviews, disclosure of sensitive information, and identity revelation. We conducted a large-scale two-stage field experiment, complemented by lab experiments, to establish causality. Results reveal that nudging with an open appeal, compared to nudging with targeted benefits, increases the likelihood of patients submitting reviews. However, nudges that highlight benefits to self increase the proportion of patients revealing sensitive medical information in their reviews and the likelihood of them revealing their identity. Additionally, preemptive privacy control increases the likelihood of identity revelation without adversely impacting the sharing of sensitive information in reviews. Our findings highlight how nudging and privacy control influence patients’ review provision behavior. This study offers strategic implications for online platforms navigating the complex interplay of consumer motivations and privacy concerns in healthcare.","['Physician reviews', 'nudging', 'privacy', 'healthcare', 'field experiment', 'large language models']",Ritu Agarwal,Ritu Agarwal,"Ritu Agarwal (ritu.agarwal@jhu.edu; corresponding author) is the Wm. Polk Carey Distinguished Professor of Information Systems and Health at the Johns Hopkins Carey Business School. She is also the founding co-director of the Center for Digital Health and Artificial Intelligence. She has published over 100 articles in leading business and healthcare journals such as Proceedings of the National Academy of Sciences, Information Systems Research, MIS Quarterly, Management Science, Journal of the American Medical Informatics Association, and Health Affairs. Her research has been sponsored by the National Institutes of Health, Agency for Healthcare Research and Quality, Robert Wood Johnson Foundation, National Institute of Healthcare Management, Office of the National Coordinator for Health IT, US Department of Labor, US Department of Justice, NSF, and a number of private corporations. Dr. Agarwal is a Fellow of the Association for Information Systems (AIS) and the Institute for Operations Research and the Management Sciences (INFORMS). She was the Editor-in-Chief for Information Systems Research, is a recipient of the LEO award for lifetime achievement from AIS and serves on the Gender Advisory Board for the UN Commission on Science and Technology for Development.",Johns Hopkins University,Maryland,United States
https://www.tandfonline.com/doi/full/10.1080/07421222.2025.2487305,"Journal of Management Information Systems, Volume 42, Issue 2 (2025)",Job Crafting in the Context of Enterprise System Implementations,2025,"This paper examines employees’ job crafting in the context of enterprise system (ES) implementations. Job crafting refers to employees’ self-initiated changes aimed at improving their jobs. Drawing on self-construal and trait activation theories, we posit that personality traits associated with an independent self-construal (conscientiousness [CONSC] and openness [OPEN]) and an interdependent self-construal (agreeableness [AGREE] and extraversion [EXTRA]) promote and inhibit job crafting, respectively, with their effects moderated by ES-enabled opportunity (OPPT) and self-efficacy (SE). We further posit that job crafting increases job performance and job satisfaction. We tested our hypotheses with data from a public agency (n = 180) and a Fortune-1000 firm (n = 872). Results showed that personality traits, OPPT, and SE interacted to affect job crafting, which in turn increased job performance and job satisfaction. Our research underscores job crafting as a potent means for employees to effectively navigate ES implementations and sheds light on individual differences in job crafting motivation and behavior.","['Job crafting', 'self-construal theory', 'trait-activation theory', 'enterprise systems', 'ES implementation', 'personality traits', 'self-efficacy', 'job performance', 'job satisfaction']",Frank K. Y. Chan,Frank K. Y. Chan,"Frank K. Y. Chan (chanf@essec.edu) is a Professor of Information Systems in the Department of Information Systems, Data Analytics and Operations at ESSEC Business School, France. He received his Ph.D. from the Hong Kong University of Science and Technology. Dr. Chan’s research interests include electronic government and technology implementation. His research work has appeared in MIS Quarterly, Information Systems Research, Journal of the Association for Information Systems, Journal of Operations Management, Journal of Business Ethics, and Public Administration Review.",ESSEC Business School,Île-de-France,France
https://www.tandfonline.com/doi/full/10.1080/07421222.2025.2487305,"Journal of Management Information Systems, Volume 42, Issue 2 (2025)",Job Crafting in the Context of Enterprise System Implementations,2025,"This paper examines employees’ job crafting in the context of enterprise system (ES) implementations. Job crafting refers to employees’ self-initiated changes aimed at improving their jobs. Drawing on self-construal and trait activation theories, we posit that personality traits associated with an independent self-construal (conscientiousness [CONSC] and openness [OPEN]) and an interdependent self-construal (agreeableness [AGREE] and extraversion [EXTRA]) promote and inhibit job crafting, respectively, with their effects moderated by ES-enabled opportunity (OPPT) and self-efficacy (SE). We further posit that job crafting increases job performance and job satisfaction. We tested our hypotheses with data from a public agency (n = 180) and a Fortune-1000 firm (n = 872). Results showed that personality traits, OPPT, and SE interacted to affect job crafting, which in turn increased job performance and job satisfaction. Our research underscores job crafting as a potent means for employees to effectively navigate ES implementations and sheds light on individual differences in job crafting motivation and behavior.","['Job crafting', 'self-construal theory', 'trait-activation theory', 'enterprise systems', 'ES implementation', 'personality traits', 'self-efficacy', 'job performance', 'job satisfaction']",James Y. L. Thong,James Y. L. Thong,"James Y. L. Thong (jthong@ust.hk) is the Michael Jebsen Professor of Business and Chair Professor of Information Systems at the School of Business and Management, Hong Kong University of Science and Technology. He received his Ph.D. from the National University of Singapore. Dr. Thong’s research on technology adoption, e-government, human-computer interaction, information privacy and security, and IT development teams has appeared in Information Systems Research, Journal of Management Information Systems, MIS Quarterly, and Journal of the Association for Information Systems, among other outlets, with 46,000+ Google Scholar citations and 22,000+ SCOPUS citations. He has served as senior editor and associate editor of MIS Quarterly, and associate editor for Information Systems Research. He is a Fellow of the AIS and received the ISR Best Associate Editor award.",Hong Kong University of Science and Technology,Hong Kong,Hong Kong
https://www.tandfonline.com/doi/full/10.1080/07421222.2025.2487305,"Journal of Management Information Systems, Volume 42, Issue 2 (2025)",Job Crafting in the Context of Enterprise System Implementations,2025,"This paper examines employees’ job crafting in the context of enterprise system (ES) implementations. Job crafting refers to employees’ self-initiated changes aimed at improving their jobs. Drawing on self-construal and trait activation theories, we posit that personality traits associated with an independent self-construal (conscientiousness [CONSC] and openness [OPEN]) and an interdependent self-construal (agreeableness [AGREE] and extraversion [EXTRA]) promote and inhibit job crafting, respectively, with their effects moderated by ES-enabled opportunity (OPPT) and self-efficacy (SE). We further posit that job crafting increases job performance and job satisfaction. We tested our hypotheses with data from a public agency (n = 180) and a Fortune-1000 firm (n = 872). Results showed that personality traits, OPPT, and SE interacted to affect job crafting, which in turn increased job performance and job satisfaction. Our research underscores job crafting as a potent means for employees to effectively navigate ES implementations and sheds light on individual differences in job crafting motivation and behavior.","['Job crafting', 'self-construal theory', 'trait-activation theory', 'enterprise systems', 'ES implementation', 'personality traits', 'self-efficacy', 'job performance', 'job satisfaction']",Viswanath Venkatesh,Viswanath Venkatesh,"Viswanath Venkatesh (vvenkatesh@vvenkatesh.us; corresponding author) is an Eminent Scholar and Verizon Chair at the Pamplin College of Business, Virginia Tech. He completed his Ph.D. at the University of Minnesota. Dr. Venkatesh is widely regarded as one of the most influential scientists, both in terms of premier journal publications and citation. His research focuses on understanding the diffusion of technologies in organizations and society. His work has appeared in leading journals in human-computer interaction, information systems, organizational behavior, psychology, marketing, medical informatics, and operations management, and included best paper awards. His works have been cited about 220,000 times (Google Scholar) and about 75,000 times (Web of Science), with an h-index of 99 and i-10 index of 162. Dr. Venkatesh has served in editorial roles in various journals. He is a Fellow of the AIS and of the Information Systems Society.",Virginia Tech,Virginia,United States
https://www.tandfonline.com/doi/full/10.1080/07421222.2025.2487306,"Journal of Management Information Systems, Volume 42, Issue 2 (2025)",Understanding the Role of Technology in Coordination Through Affordance Configurations,2025,"Coordination of work activities through information exchange is fundamental and increasingly occurs over technology, yet breakdowns are frequent and lead to performance declines. Taking an episodic lens and applying configurational theorizing, we identify seven technology-enabled coordination affordances that facilitate enactment of coordination episodes. Given that coordination episodes often involve combinations of these affordances, we use qualitative comparative analysis (a technique used for configurational analysis) to identify affordance configurations associated with successful coordination. By analyzing our data and paying special attention to coordination breakdowns, we uncover how each configuration is suited to manage a specific type of coordination dependency (pooled, sequential, or kairotic). We contribute to the affordances literature by recognizing the relationship between first-order affordances, which are enabled by technology features, and affordance configurations (analogous to higher-level affordances). We contribute to coordination theory by providing new insights into how technology can augment human coordination and describe a new type of dependency (kairotic). Our work helps inform the design of systems to support coordination processes.","['Coordination', 'affordances', 'coordinating knowledge', 'health IT', 'case study', 'affordance configurations', 'qualitative comparative analysis', 'configurational theorizing', 'coordination breakdowns', 'kairotic dependency']",Jennifer L. Claggett,Jennifer L. Claggett,"Jennifer L. Claggett (claggejl@wfu.edu; corresponding author) is an associate professor of Management Information Systems and the AT&T Faculty Fellow at the School of Business at Wake Forest University. She is also a Champion Member of the Center for Health Innovation at the Wake Forest University School of Medicine. Dr. Claggett’s research primarily focuses on health information technology, investigating how individuals and organizations adopt and utilize technology to transform processes and enhance outcomes. Her work has been published in leading journals such as MIS Quarterly, Journal of Medical Internet Research, and Academy of Management Review. She serves on the editorial review board of Information Systems Research.</BIO1>",Wake Forest University,North Carolina,United States
https://www.tandfonline.com/doi/full/10.1080/07421222.2025.2487306,"Journal of Management Information Systems, Volume 42, Issue 2 (2025)",Understanding the Role of Technology in Coordination Through Affordance Configurations,2025,"Coordination of work activities through information exchange is fundamental and increasingly occurs over technology, yet breakdowns are frequent and lead to performance declines. Taking an episodic lens and applying configurational theorizing, we identify seven technology-enabled coordination affordances that facilitate enactment of coordination episodes. Given that coordination episodes often involve combinations of these affordances, we use qualitative comparative analysis (a technique used for configurational analysis) to identify affordance configurations associated with successful coordination. By analyzing our data and paying special attention to coordination breakdowns, we uncover how each configuration is suited to manage a specific type of coordination dependency (pooled, sequential, or kairotic). We contribute to the affordances literature by recognizing the relationship between first-order affordances, which are enabled by technology features, and affordance configurations (analogous to higher-level affordances). We contribute to coordination theory by providing new insights into how technology can augment human coordination and describe a new type of dependency (kairotic). Our work helps inform the design of systems to support coordination processes.","['Coordination', 'affordances', 'coordinating knowledge', 'health IT', 'case study', 'affordance configurations', 'qualitative comparative analysis', 'configurational theorizing', 'coordination breakdowns', 'kairotic dependency']",Elena Karahanna,Elena Karahanna,"Elena Karahanna (ekarah@uga.edu) is a University of Georgia Distinguished Research Professor and the C. Herman and Mary Virginia Terry Distinguished Chair in Business Administration in the MIS Department at the University of Georgia. Dr. Karahanna has published in top journals such as Academy of Management Review, Information Systems Research, Journal of Management Information Systems, Management Science, and MIS Quarterly, has served as senior editor at MIS Quarterly, Information Systems Research, and Journal of the Association for Information Systems, and serves as associate editor at Management Science. She is an AIS Fellow, INFORMS Information Systems Society Distinguished Fellow, and AIS LEO Award recipient.",University of Georgia,Georgia,United States
https://www.tandfonline.com/doi/full/10.1080/07421222.2025.2487308,"Journal of Management Information Systems, Volume 42, Issue 2 (2025)",The Algorithm Discount: Explaining Consumers’ Valuation of Human- versus Algorithm-Created Digital Products,2025,"Owing to advances in generative artificial intelligence (AI), machines can now create digital products like software applications or media content, evoking calls to label such products as “AI-made.” Research on the handmade effect and algorithm aversion suggests that consumers react negatively to digital products that have been created by generative AI systems instead of humans. It is unclear why consumers show this reaction, which we refer to as “algorithm discount.” To answer this question, we conducted a mixed-methods study in the context of digital news offerings, comprising 41 qualitative interviews and a choice-based conjoint analysis with 421 respondents. The results show that consumers’ beliefs about the love and effort imbued in the product, their curiosity about algorithmically generated products, and specific product characteristics, such as the type of news article, determine the algorithm discount. These findings extend our understanding of the emergence of consumers’ aversion to algorithm-created products and offer providers of such products insight into potential countermeasures.","['GenAI', 'generative AI', 'performative algorithms', 'algorithm-created products', 'digital products', 'digital news', 'algorithm discount', 'mixed-methods research']",Jennifer Rix,Jennifer Rix,"Jennifer Rix (rix@lmu.de) is a strategy consultant and holds a PhD in management from Ludwig-Maximilians-Universität München, Germany. Her doctoral thesis addresses how media organizations can leverage generative AI for content creation. Dr. Rix’s research has been published in the proceedings of several conferences, including the Hawaii International Conference on System Sciences.",Ludwig-Maximilians-Universität München,Bavaria,Germany
https://www.tandfonline.com/doi/full/10.1080/07421222.2025.2487308,"Journal of Management Information Systems, Volume 42, Issue 2 (2025)",The Algorithm Discount: Explaining Consumers’ Valuation of Human- versus Algorithm-Created Digital Products,2025,"Owing to advances in generative artificial intelligence (AI), machines can now create digital products like software applications or media content, evoking calls to label such products as “AI-made.” Research on the handmade effect and algorithm aversion suggests that consumers react negatively to digital products that have been created by generative AI systems instead of humans. It is unclear why consumers show this reaction, which we refer to as “algorithm discount.” To answer this question, we conducted a mixed-methods study in the context of digital news offerings, comprising 41 qualitative interviews and a choice-based conjoint analysis with 421 respondents. The results show that consumers’ beliefs about the love and effort imbued in the product, their curiosity about algorithmically generated products, and specific product characteristics, such as the type of news article, determine the algorithm discount. These findings extend our understanding of the emergence of consumers’ aversion to algorithm-created products and offer providers of such products insight into potential countermeasures.","['GenAI', 'generative AI', 'performative algorithms', 'algorithm-created products', 'digital products', 'digital news', 'algorithm discount', 'mixed-methods research']",Benedikt Berger,Benedikt Berger,"Benedikt Berger (benedikt.berger@ercis.uni-muenster.de) is assistant professor of digital transformation and society in the Department of Information Systems at the University of Münster, Germany. His research focuses on digital products and services as well as interaction with AI systems. Dr. Berger’s work has appeared in Journal of Management Information Systems, Electronic Markets, Business and Information Systems Engineering, Information Systems Frontiers, The Data Base for Advances in Information Systems, and in various international conference proceedings.",University of Münster,North Rhine-Westphalia,Germany
https://www.tandfonline.com/doi/full/10.1080/07421222.2025.2487308,"Journal of Management Information Systems, Volume 42, Issue 2 (2025)",The Algorithm Discount: Explaining Consumers’ Valuation of Human- versus Algorithm-Created Digital Products,2025,"Owing to advances in generative artificial intelligence (AI), machines can now create digital products like software applications or media content, evoking calls to label such products as “AI-made.” Research on the handmade effect and algorithm aversion suggests that consumers react negatively to digital products that have been created by generative AI systems instead of humans. It is unclear why consumers show this reaction, which we refer to as “algorithm discount.” To answer this question, we conducted a mixed-methods study in the context of digital news offerings, comprising 41 qualitative interviews and a choice-based conjoint analysis with 421 respondents. The results show that consumers’ beliefs about the love and effort imbued in the product, their curiosity about algorithmically generated products, and specific product characteristics, such as the type of news article, determine the algorithm discount. These findings extend our understanding of the emergence of consumers’ aversion to algorithm-created products and offer providers of such products insight into potential countermeasures.","['GenAI', 'generative AI', 'performative algorithms', 'algorithm-created products', 'digital products', 'digital news', 'algorithm discount', 'mixed-methods research']",Thomas Hess,Thomas Hess,"Thomas Hess (thess@lmu.de; corresponding author) is professor of information systems and management at the Ludwig-Maximilians-Universität München, Germany. His research focuses on digital transformation, digital media companies, and data-driven business concepts. Dr. Hess’s work has appeared in such journals as MIS Quarterly, Journal of Management Information Systems, European Journal of Information Systems, Business and Information Systems Engineering, Information Systems Journal, and others.",Ludwig-Maximilians-Universität München,Bavaria,Germany
https://www.tandfonline.com/doi/full/10.1080/07421222.2025.2487308,"Journal of Management Information Systems, Volume 42, Issue 2 (2025)",The Algorithm Discount: Explaining Consumers’ Valuation of Human- versus Algorithm-Created Digital Products,2025,"Owing to advances in generative artificial intelligence (AI), machines can now create digital products like software applications or media content, evoking calls to label such products as “AI-made.” Research on the handmade effect and algorithm aversion suggests that consumers react negatively to digital products that have been created by generative AI systems instead of humans. It is unclear why consumers show this reaction, which we refer to as “algorithm discount.” To answer this question, we conducted a mixed-methods study in the context of digital news offerings, comprising 41 qualitative interviews and a choice-based conjoint analysis with 421 respondents. The results show that consumers’ beliefs about the love and effort imbued in the product, their curiosity about algorithmically generated products, and specific product characteristics, such as the type of news article, determine the algorithm discount. These findings extend our understanding of the emergence of consumers’ aversion to algorithm-created products and offer providers of such products insight into potential countermeasures.","['GenAI', 'generative AI', 'performative algorithms', 'algorithm-created products', 'digital products', 'digital news', 'algorithm discount', 'mixed-methods research']",Christine Rzepka,Christine Rzepka,"Christine Rzepka (ch.rzepka@lmu.de) works for a digital venture. She holds a PhD in management from Ludwig-Maximilians-Universität München, Germany. Her doctoral thesis addresses benefits and costs of voice interaction and its value for human-computer interaction. Dr. Rzepka’s research has been published in Information Systems Frontiers, The Data Base for Advances in Information Systems, and in various international conference proceedings, including the International Conference on Information Systems.",Ludwig-Maximilians-Universität München,Bavaria,Germany
https://www.tandfonline.com/doi/full/10.1080/07421222.2025.2455770,"Journal of Management Information Systems, Volume 42, Issue 1 (2025)",Long Live the Metaverse: Identifying the Potential for Market Disruption and Future Research,2025,"The Metaverse represents a transformative frontier, blending physical and virtual realities into immersive, persistent digital environments. This article explores the foundational components, emerging markets, and critical challenges shaping the Metaverse’s evolution. Although initial industry enthusiasm has been tempered by financial setbacks and shifting priorities toward generative artificial intelligence (AI), the Metaverse remains nascent, following a familiar hype cycle with other disruptive technologies. Drawing parallels with historical technological breakthroughs, we argue that continued hardware, software, and telecommunications advancements will unlock the Metaverse’s potential for profound societal and economic impact. We explore the potential for business approaches and collaborative efforts across various market sectors, including consumer goods and commercial services, as well as healthcare and industrial realms. To do so, we explain how technologies like virtual reality (VR), augmented reality (AR), and extended reality (XR) increase user participation through consuming content that creates a sense of presence while at the same time outlining Metaverse challenges, risks, technological difficulties, and sociotechnical factors. By dissecting specific use cases and proposing strategies for managing challenges like data privacy, security, and inclusivity, we chart a path for researchers and practitioners to foster innovation. The article concludes with a call to action for researchers to lead visionary efforts, urging them to anticipate and shape the future possibilities of the Metaverse beyond current technological and market constraints. By breaking down the Metaverse into targeted applications, this work provides a roadmap for advancing theory, design, and practice to unlock the Metaverse’s full disruptive potential. We challenge the notion that the Metaverse is “dead,” instead framing it as an enduring societal and economic transformation catalyst.","['Metaverse', 'consumer metaverse', 'commercial metaverse', 'industrial metaverse', 'healthcare metaverse', 'virtual reality', 'mixed reality', 'augmented reality', 'extended reality', 'artificial intelligence', 'immersive systems']",Paul Benjamin Lowry,Paul Benjamin Lowry,"Paul Benjamin Lowry (Paul.Lowry.PhD@gmail.com; corresponding author) is an Eminent Scholar and the Suzanne Parker Thornhill Chair Professor in Business Information Technology at the Pamplin College of Business, Virginia Tech, where he serves as the BIT PhD and Graduate Programs Director. He is an AIS Fellow, and a member of the AIS College of Senior Scholars and the AIS College of Academic Leadership. He is a former tenured Full Professor at City University of Hong Kong and The University of Hong Kong. He received his Ph.D. in Management Information Systems from the University of Arizona and an MBA from the Marriott School of Business. He has published 300+ publications, including 170+ journal articles in the Journal of Management Information Systems (JMIS), Information Systems Research (ISR), MIS Quarterly (MISQ), Journal of the Association for Information Systems (JAIS), Information Systems Journal (ISJ), European Journal of Information Systems, Journal of Strategic Information Systems, Journal of Information Technology, Decision Sciences Journal (DSJ), various IEEE Transactions, and others. He is on the senior board of editors at JMIS. He is on the senior board of editors at the JMIS. He also is an SE at ISJ and an AE at ISR. His research interests include (1) organizational and behavioral security and privacy; (2) online deviance, online harassment, and computer ethics; (3) HCI, social media, and gamification; and (4) business analytics, decision sciences, innovation, and supply chains.",Virginia Tech,Virginia,United States
https://www.tandfonline.com/doi/full/10.1080/07421222.2025.2455770,"Journal of Management Information Systems, Volume 42, Issue 1 (2025)",Long Live the Metaverse: Identifying the Potential for Market Disruption and Future Research,2025,"The Metaverse represents a transformative frontier, blending physical and virtual realities into immersive, persistent digital environments. This article explores the foundational components, emerging markets, and critical challenges shaping the Metaverse’s evolution. Although initial industry enthusiasm has been tempered by financial setbacks and shifting priorities toward generative artificial intelligence (AI), the Metaverse remains nascent, following a familiar hype cycle with other disruptive technologies. Drawing parallels with historical technological breakthroughs, we argue that continued hardware, software, and telecommunications advancements will unlock the Metaverse’s potential for profound societal and economic impact. We explore the potential for business approaches and collaborative efforts across various market sectors, including consumer goods and commercial services, as well as healthcare and industrial realms. To do so, we explain how technologies like virtual reality (VR), augmented reality (AR), and extended reality (XR) increase user participation through consuming content that creates a sense of presence while at the same time outlining Metaverse challenges, risks, technological difficulties, and sociotechnical factors. By dissecting specific use cases and proposing strategies for managing challenges like data privacy, security, and inclusivity, we chart a path for researchers and practitioners to foster innovation. The article concludes with a call to action for researchers to lead visionary efforts, urging them to anticipate and shape the future possibilities of the Metaverse beyond current technological and market constraints. By breaking down the Metaverse into targeted applications, this work provides a roadmap for advancing theory, design, and practice to unlock the Metaverse’s full disruptive potential. We challenge the notion that the Metaverse is “dead,” instead framing it as an enduring societal and economic transformation catalyst.","['Metaverse', 'consumer metaverse', 'commercial metaverse', 'industrial metaverse', 'healthcare metaverse', 'virtual reality', 'mixed reality', 'augmented reality', 'extended reality', 'artificial intelligence', 'immersive systems']",Wai Fong Boh,Wai Fong Boh,"Wai Fong Boh (awfboh@ntu.edu.sg) is President’s Chair Professor of Information Systems at Nanyang Technological University (NTU), Nanyang Business School (NBS) in Singapore. She is Vice President for Lifelong Learning and Alumni Engagement for NTU. She is also Director of the Information Management Research Centre at NBS, and serves as co-Director for NTU Centre in Computational Technologies for Finance. She received her PhD from the Tepper School of Business at Carnegie Mellon University. Dr. Boh’s research interests lie in the areas of innovation and technology management. She has published in leading journals, including Management Science, MIS Quarterly, Academy of Management Journal, and others. She has served as a Senior Editor for MIS Quarterly and Associate Editor for Management Science and Information Systems Research, and sits on editorial board of several leading Information Systems journals. She holds Singapore’s Public Administration Medal (Silver) and published a monograph Identifying Business Opportunities through Innovation. She received the AIS Fellow Award and AIS Sandra Slaughter Service Award.",Nanyang Technological University,Singapore,Singapore
https://www.tandfonline.com/doi/full/10.1080/07421222.2025.2455770,"Journal of Management Information Systems, Volume 42, Issue 1 (2025)",Long Live the Metaverse: Identifying the Potential for Market Disruption and Future Research,2025,"The Metaverse represents a transformative frontier, blending physical and virtual realities into immersive, persistent digital environments. This article explores the foundational components, emerging markets, and critical challenges shaping the Metaverse’s evolution. Although initial industry enthusiasm has been tempered by financial setbacks and shifting priorities toward generative artificial intelligence (AI), the Metaverse remains nascent, following a familiar hype cycle with other disruptive technologies. Drawing parallels with historical technological breakthroughs, we argue that continued hardware, software, and telecommunications advancements will unlock the Metaverse’s potential for profound societal and economic impact. We explore the potential for business approaches and collaborative efforts across various market sectors, including consumer goods and commercial services, as well as healthcare and industrial realms. To do so, we explain how technologies like virtual reality (VR), augmented reality (AR), and extended reality (XR) increase user participation through consuming content that creates a sense of presence while at the same time outlining Metaverse challenges, risks, technological difficulties, and sociotechnical factors. By dissecting specific use cases and proposing strategies for managing challenges like data privacy, security, and inclusivity, we chart a path for researchers and practitioners to foster innovation. The article concludes with a call to action for researchers to lead visionary efforts, urging them to anticipate and shape the future possibilities of the Metaverse beyond current technological and market constraints. By breaking down the Metaverse into targeted applications, this work provides a roadmap for advancing theory, design, and practice to unlock the Metaverse’s full disruptive potential. We challenge the notion that the Metaverse is “dead,” instead framing it as an enduring societal and economic transformation catalyst.","['Metaverse', 'consumer metaverse', 'commercial metaverse', 'industrial metaverse', 'healthcare metaverse', 'virtual reality', 'mixed reality', 'augmented reality', 'extended reality', 'artificial intelligence', 'immersive systems']",Stacie Petter,Stacie Petter,"Stacie Petter (petters@wfu.edu) is the inaugural Associate Provost for Faculty Affairs for Wake Forest University and the Peter C. Brockway Chair of Strategic Management and Professor of Management Information Systems at the Wake Forest University School of Business. Her research focuses on the impacts of information systems on individuals, organizations, and society, including how information technology can be used to counter human trafficking, how gamification can provide value in organizational settings, and how and why individuals use information technology for their personal or professional needs. Dr. Petter’s work appears in such journals as MIS Quarterly, Journal of Management Information Systems, Journal of the Association for Information Systems, Information Systems Journal, and others. She has received research funding from the National Science Foundation and the IBM Center for the Business of Government. She has served in many editorial roles at journals, including Editor-in-Chief of The DATA BASE for Advances in Information Systems. She is a Fellow of the AIS and a recipient of the AIS Sandra Slaughter Service Award.",Wake Forest University,North Carolina,United States
https://www.tandfonline.com/doi/full/10.1080/07421222.2025.2455770,"Journal of Management Information Systems, Volume 42, Issue 1 (2025)",Long Live the Metaverse: Identifying the Potential for Market Disruption and Future Research,2025,"The Metaverse represents a transformative frontier, blending physical and virtual realities into immersive, persistent digital environments. This article explores the foundational components, emerging markets, and critical challenges shaping the Metaverse’s evolution. Although initial industry enthusiasm has been tempered by financial setbacks and shifting priorities toward generative artificial intelligence (AI), the Metaverse remains nascent, following a familiar hype cycle with other disruptive technologies. Drawing parallels with historical technological breakthroughs, we argue that continued hardware, software, and telecommunications advancements will unlock the Metaverse’s potential for profound societal and economic impact. We explore the potential for business approaches and collaborative efforts across various market sectors, including consumer goods and commercial services, as well as healthcare and industrial realms. To do so, we explain how technologies like virtual reality (VR), augmented reality (AR), and extended reality (XR) increase user participation through consuming content that creates a sense of presence while at the same time outlining Metaverse challenges, risks, technological difficulties, and sociotechnical factors. By dissecting specific use cases and proposing strategies for managing challenges like data privacy, security, and inclusivity, we chart a path for researchers and practitioners to foster innovation. The article concludes with a call to action for researchers to lead visionary efforts, urging them to anticipate and shape the future possibilities of the Metaverse beyond current technological and market constraints. By breaking down the Metaverse into targeted applications, this work provides a roadmap for advancing theory, design, and practice to unlock the Metaverse’s full disruptive potential. We challenge the notion that the Metaverse is “dead,” instead framing it as an enduring societal and economic transformation catalyst.","['Metaverse', 'consumer metaverse', 'commercial metaverse', 'industrial metaverse', 'healthcare metaverse', 'virtual reality', 'mixed reality', 'augmented reality', 'extended reality', 'artificial intelligence', 'immersive systems']",Jan Marco Leimeister,Jan Marco Leimeister,"Jan Marco Leimeister (JanMarco.Leimeister@unisg.ch) is Chair Professor and Managing Director of the Institute of Information Systems and Digital Business at the University of St. Gallen, Switzerland. He is also Director at the Research Center for IS Design at the University of Kassel, Germany, and an AIS Fellow. His work covers digital business, AI-driven value creation, digital service management, crowdsourcing, digital Work, digital learning services, and collaboration engineering. He has been internationally recognized for out-standing research, teaching, and education. He ranks repeatedly since 2009 among the top 1% of the most productive researchers and professors in Business Administration in the German-speaking area. He has served on the AIS Leadership Council, is Co-Editor in Chief of the Journal of Information Technology, and serves on the Editorial Board of the Journal of Management Information Systems and Information Systems Research. Dr. Leimeister is also an entrepreneur, and acts as senior advisor, board member, and keynote speaker for national and international organizations. His research has been funded by German, Swiss, and European Union ministries as well as by industry, foundations, and NGOs.",University of St. Gallen,St. Gallen,Switzerland
https://www.tandfonline.com/doi/full/10.1080/07421222.2025.2452014,"Journal of Management Information Systems, Volume 42, Issue 1 (2025)",Demystifying the Dimensions and Roles of Metaverse Gaming Experience Value: A Multi-Study Investigation,2025,"Understanding metaverse gaming experience value (MGEV) is crucial for the success of metaverse games. However, prior research lacks context-specific theoretical knowledge of MGEV dimensions, roles, and practical guidance for enhancing player experience value. To address this gap, we conducted an abductive, multi-study investigation to develop a multi-dimensional typology of MGEV, demonstrate its nomological validity, and propose a player-centered approach for its investigation. First, we performed qualitative manual coding of online reviews to identify six MGEV dimensions. We developed a two-axis typology that categorizes these dimensions by motivation- (intrinsic vs. extrinsic) and activeness-focused (active vs. reactive) perspectives. Second, we developed a deep-learning classification model to automate coding and create a panel dataset. We validated the relationships between MGEV dimensions and players’ word-of-mouth (WOM) by analyzing the panel dataset. Third, we applied a player-centered approach with cluster analysis to the coded data. We uncovered three player groups with distinct MGEV profiles (i.e. intrinsic value-dominated, extrinsic value-dominated, and active value-insensitive), metaverse gaming participation characteristics, and WOM. This paper identifies the context-specific and fine-grained dimensions of MGEV, establishes a valid MGEV framework, and reveals distinct player groups with unique MGEV profiles.","['Metaverse gaming', 'experience value', 'deep learning', 'player-centered approach', 'online games', 'online players']",Zhongyun Zhou,Zhongyun Zhou,"Zhongyun (Phil) Zhou (philzhou@tongji.edu.cn) is Associate Professor at the School of Economics and Management at Tongji University, P. R. China. He holds two PhD degrees from the University of Science and Technology of China and from the City University of Hong Kong. His research interests focus on the usage and impacts of emerging digital technologies, especially those related to the Metaverse and AI. Dr. Zhou’s work appears in such journals as the Journal of Management Information Systems, Journal of Business Ethics, European Journal of Information Systems, Information Systems Journal, Information & Management, Decision Support Systems, Journal of the Association for Information Science and Technology, and others. He is a Senior Editor of Information Systems Journal and Information Technology & People.",Tongji University,Shanghai,China
https://www.tandfonline.com/doi/full/10.1080/07421222.2025.2452014,"Journal of Management Information Systems, Volume 42, Issue 1 (2025)",Demystifying the Dimensions and Roles of Metaverse Gaming Experience Value: A Multi-Study Investigation,2025,"Understanding metaverse gaming experience value (MGEV) is crucial for the success of metaverse games. However, prior research lacks context-specific theoretical knowledge of MGEV dimensions, roles, and practical guidance for enhancing player experience value. To address this gap, we conducted an abductive, multi-study investigation to develop a multi-dimensional typology of MGEV, demonstrate its nomological validity, and propose a player-centered approach for its investigation. First, we performed qualitative manual coding of online reviews to identify six MGEV dimensions. We developed a two-axis typology that categorizes these dimensions by motivation- (intrinsic vs. extrinsic) and activeness-focused (active vs. reactive) perspectives. Second, we developed a deep-learning classification model to automate coding and create a panel dataset. We validated the relationships between MGEV dimensions and players’ word-of-mouth (WOM) by analyzing the panel dataset. Third, we applied a player-centered approach with cluster analysis to the coded data. We uncovered three player groups with distinct MGEV profiles (i.e. intrinsic value-dominated, extrinsic value-dominated, and active value-insensitive), metaverse gaming participation characteristics, and WOM. This paper identifies the context-specific and fine-grained dimensions of MGEV, establishes a valid MGEV framework, and reveals distinct player groups with unique MGEV profiles.","['Metaverse gaming', 'experience value', 'deep learning', 'player-centered approach', 'online games', 'online players']",Zidie Chen,Zidie Chen,"Zidie Chen (chenzidie@tongji.edu.cn) is a PhD student in the School of Economics and Management at Tongji University. Her research focuses on user behavior in the Metaverse and online social commerce. Her papers appear in such journals as the European Journal of Information Systems and Internet Research, and in conference proceedings such as those of Pacific Asia Conference on Information Systems.",Tongji University,Shanghai,China
https://www.tandfonline.com/doi/full/10.1080/07421222.2025.2452014,"Journal of Management Information Systems, Volume 42, Issue 1 (2025)",Demystifying the Dimensions and Roles of Metaverse Gaming Experience Value: A Multi-Study Investigation,2025,"Understanding metaverse gaming experience value (MGEV) is crucial for the success of metaverse games. However, prior research lacks context-specific theoretical knowledge of MGEV dimensions, roles, and practical guidance for enhancing player experience value. To address this gap, we conducted an abductive, multi-study investigation to develop a multi-dimensional typology of MGEV, demonstrate its nomological validity, and propose a player-centered approach for its investigation. First, we performed qualitative manual coding of online reviews to identify six MGEV dimensions. We developed a two-axis typology that categorizes these dimensions by motivation- (intrinsic vs. extrinsic) and activeness-focused (active vs. reactive) perspectives. Second, we developed a deep-learning classification model to automate coding and create a panel dataset. We validated the relationships between MGEV dimensions and players’ word-of-mouth (WOM) by analyzing the panel dataset. Third, we applied a player-centered approach with cluster analysis to the coded data. We uncovered three player groups with distinct MGEV profiles (i.e. intrinsic value-dominated, extrinsic value-dominated, and active value-insensitive), metaverse gaming participation characteristics, and WOM. This paper identifies the context-specific and fine-grained dimensions of MGEV, establishes a valid MGEV framework, and reveals distinct player groups with unique MGEV profiles.","['Metaverse gaming', 'experience value', 'deep learning', 'player-centered approach', 'online games', 'online players']",Weichen Li,Weichen Li,Weichen Li (liweichen@tongji.edu.cn) is a Master’s student in the School of Economics and Management at Tongji University. Her research focuses on user experience and behavior in metaverse games and gamification.,Tongji University,Shanghai,China
https://www.tandfonline.com/doi/full/10.1080/07421222.2025.2452014,"Journal of Management Information Systems, Volume 42, Issue 1 (2025)",Demystifying the Dimensions and Roles of Metaverse Gaming Experience Value: A Multi-Study Investigation,2025,"Understanding metaverse gaming experience value (MGEV) is crucial for the success of metaverse games. However, prior research lacks context-specific theoretical knowledge of MGEV dimensions, roles, and practical guidance for enhancing player experience value. To address this gap, we conducted an abductive, multi-study investigation to develop a multi-dimensional typology of MGEV, demonstrate its nomological validity, and propose a player-centered approach for its investigation. First, we performed qualitative manual coding of online reviews to identify six MGEV dimensions. We developed a two-axis typology that categorizes these dimensions by motivation- (intrinsic vs. extrinsic) and activeness-focused (active vs. reactive) perspectives. Second, we developed a deep-learning classification model to automate coding and create a panel dataset. We validated the relationships between MGEV dimensions and players’ word-of-mouth (WOM) by analyzing the panel dataset. Third, we applied a player-centered approach with cluster analysis to the coded data. We uncovered three player groups with distinct MGEV profiles (i.e. intrinsic value-dominated, extrinsic value-dominated, and active value-insensitive), metaverse gaming participation characteristics, and WOM. This paper identifies the context-specific and fine-grained dimensions of MGEV, establishes a valid MGEV framework, and reveals distinct player groups with unique MGEV profiles.","['Metaverse gaming', 'experience value', 'deep learning', 'player-centered approach', 'online games', 'online players']",Yi Zhang,Yi Zhang,"Yi Zhang (z-yi24@mails.tsinghua.edu.cn) is a Master’s student in the School of Economics and Management at Tsinghua University, China. She holds a Bachelor’s degree from the School of Economics and Management at Tongji University. Her research interests focuse on the usage and impacts of emerging digital technologies such as data analytics.",Tsinghua University,Beijing,China
https://www.tandfonline.com/doi/full/10.1080/07421222.2025.2452014,"Journal of Management Information Systems, Volume 42, Issue 1 (2025)",Demystifying the Dimensions and Roles of Metaverse Gaming Experience Value: A Multi-Study Investigation,2025,"Understanding metaverse gaming experience value (MGEV) is crucial for the success of metaverse games. However, prior research lacks context-specific theoretical knowledge of MGEV dimensions, roles, and practical guidance for enhancing player experience value. To address this gap, we conducted an abductive, multi-study investigation to develop a multi-dimensional typology of MGEV, demonstrate its nomological validity, and propose a player-centered approach for its investigation. First, we performed qualitative manual coding of online reviews to identify six MGEV dimensions. We developed a two-axis typology that categorizes these dimensions by motivation- (intrinsic vs. extrinsic) and activeness-focused (active vs. reactive) perspectives. Second, we developed a deep-learning classification model to automate coding and create a panel dataset. We validated the relationships between MGEV dimensions and players’ word-of-mouth (WOM) by analyzing the panel dataset. Third, we applied a player-centered approach with cluster analysis to the coded data. We uncovered three player groups with distinct MGEV profiles (i.e. intrinsic value-dominated, extrinsic value-dominated, and active value-insensitive), metaverse gaming participation characteristics, and WOM. This paper identifies the context-specific and fine-grained dimensions of MGEV, establishes a valid MGEV framework, and reveals distinct player groups with unique MGEV profiles.","['Metaverse gaming', 'experience value', 'deep learning', 'player-centered approach', 'online games', 'online players']",Xiao-Ling Jin,Xiao-Ling Jin,"Xiao-Ling Jin (kathyjin2011@shu.edu.cn; corresponding author) is a Professor at the School of Management, Shanghai University, China. She holds two PhD degrees: from the University of Science and Technology of China and from the City University of Hong Kong. Dr. Jin’s research interests include the use and impacts of emerging digital technologies such as Metaverse and AI. She has published papers in such journals as the Journal of Management Information Systems, Journal of Business Ethics, Decision Support Systems, European Journal of Information Systems, and Journal of the Association for Information Science and Technology. She is a Senior Editor of Information Technology & People.",Shanghai University,Shanghai,China
https://www.tandfonline.com/doi/full/10.1080/07421222.2025.2455774,"Journal of Management Information Systems, Volume 42, Issue 1 (2025)",Exploring the New Playing Field: The Input-Output Principle of Meta-Sports,2025,"Meta-sports, which involve replicating sports in immersive virtual environments, represent a highly developed aspect of the future Metaverse. This study adopts a distributive justice lens to explore how athletes perceive the input-output principle underlying meta-sports platforms and evaluate the fairness of meta-sports competitions. Through a comparative mixed-methods study using nested data from the German Virtual Cycling Bundesliga at two time points, we find that individuals have dynamic information needs when forming transparency perceptions. These perceptions influence how they evaluate the distributive justice of meta-sports. Furthermore, our results suggest that justice perceptions influence an individual’s intention to continue participating, fully mediated by the perceived relevance of the competition. These findings enhance our understanding of Metaverse adoption and emphasize the importance of transparency when replicating physical-world competitions in virtual environments. Based on these results, we propose high-level design principles for future meta-sports platforms and other Metaverse applications relying on similar input-output principles.","['Metaverse', 'sports', 'distributive justice', 'transparency', 'adoption', 'mixed-method']",Daniel Westmattelmann,Daniel Westmattelmann,"Daniel Westmattelmann (d.west@wwu.de; corresponding author) is Assistant Professor of Digitalization, Sport, and Health Management at the University of Münster, Germany. He holds a PhD in Business Administration from the interdisciplinary research training group “Trust and Communication in a Digitized World” funded by the German Research Foundation. His work has been published in European Journal of Information Systems, Journal of Business Research, Sport Management Review and others. He regularly presents his research findings at internationally academic conferences in Information Systems (such as ICIS) and in Sport Management (e.g., Play the Game, SMAANZ, EASM). For twelve years, he was active as a professional cyclist, won international races, and participated in such events as the World Road Championships",University of Münster,North Rhine-Westphalia,Germany
https://www.tandfonline.com/doi/full/10.1080/07421222.2025.2455774,"Journal of Management Information Systems, Volume 42, Issue 1 (2025)",Exploring the New Playing Field: The Input-Output Principle of Meta-Sports,2025,"Meta-sports, which involve replicating sports in immersive virtual environments, represent a highly developed aspect of the future Metaverse. This study adopts a distributive justice lens to explore how athletes perceive the input-output principle underlying meta-sports platforms and evaluate the fairness of meta-sports competitions. Through a comparative mixed-methods study using nested data from the German Virtual Cycling Bundesliga at two time points, we find that individuals have dynamic information needs when forming transparency perceptions. These perceptions influence how they evaluate the distributive justice of meta-sports. Furthermore, our results suggest that justice perceptions influence an individual’s intention to continue participating, fully mediated by the perceived relevance of the competition. These findings enhance our understanding of Metaverse adoption and emphasize the importance of transparency when replicating physical-world competitions in virtual environments. Based on these results, we propose high-level design principles for future meta-sports platforms and other Metaverse applications relying on similar input-output principles.","['Metaverse', 'sports', 'distributive justice', 'transparency', 'adoption', 'mixed-method']",Benedikt Stoffers,Benedikt Stoffers,"Benedikt Stoffers (benedikt.stoffers@uni-muenster.de) is a PhD candidate at the Center for Management at the University of Münster, Germany. He holds a Master’s degree in Business Administration from that university. His research focuses on digitalization and integrity in sports. Thus, his previous work has been published in Frontiers in Physiology and Sport and Society. He also regularly presents research findings at the leading international academic conferences in Information Systems (such as ICIS) and Sport Management (e.g., Play the Game).",University of Münster,North Rhine-Westphalia,Germany
https://www.tandfonline.com/doi/full/10.1080/07421222.2025.2455774,"Journal of Management Information Systems, Volume 42, Issue 1 (2025)",Exploring the New Playing Field: The Input-Output Principle of Meta-Sports,2025,"Meta-sports, which involve replicating sports in immersive virtual environments, represent a highly developed aspect of the future Metaverse. This study adopts a distributive justice lens to explore how athletes perceive the input-output principle underlying meta-sports platforms and evaluate the fairness of meta-sports competitions. Through a comparative mixed-methods study using nested data from the German Virtual Cycling Bundesliga at two time points, we find that individuals have dynamic information needs when forming transparency perceptions. These perceptions influence how they evaluate the distributive justice of meta-sports. Furthermore, our results suggest that justice perceptions influence an individual’s intention to continue participating, fully mediated by the perceived relevance of the competition. These findings enhance our understanding of Metaverse adoption and emphasize the importance of transparency when replicating physical-world competitions in virtual environments. Based on these results, we propose high-level design principles for future meta-sports platforms and other Metaverse applications relying on similar input-output principles.","['Metaverse', 'sports', 'distributive justice', 'transparency', 'adoption', 'mixed-method']",Julian Märtins,Julian Maertins,"Julian Märtins (julian.maertins@uni-muenster.de) holds a PhD in Business Administration from the University of Münster in the Chair of Organization, HR and Innovation. His research interests comprise transparency and digitalization in organizational settings. His work has been published in Journal of Medical Internet Research, Journal of Decision Systems, and the German Journal of Work and Organizational Psychology, and was presented at international conferences (e.g., ICIS).",University of Münster,North Rhine-Westphalia,Germany
https://www.tandfonline.com/doi/full/10.1080/07421222.2025.2455774,"Journal of Management Information Systems, Volume 42, Issue 1 (2025)",Exploring the New Playing Field: The Input-Output Principle of Meta-Sports,2025,"Meta-sports, which involve replicating sports in immersive virtual environments, represent a highly developed aspect of the future Metaverse. This study adopts a distributive justice lens to explore how athletes perceive the input-output principle underlying meta-sports platforms and evaluate the fairness of meta-sports competitions. Through a comparative mixed-methods study using nested data from the German Virtual Cycling Bundesliga at two time points, we find that individuals have dynamic information needs when forming transparency perceptions. These perceptions influence how they evaluate the distributive justice of meta-sports. Furthermore, our results suggest that justice perceptions influence an individual’s intention to continue participating, fully mediated by the perceived relevance of the competition. These findings enhance our understanding of Metaverse adoption and emphasize the importance of transparency when replicating physical-world competitions in virtual environments. Based on these results, we propose high-level design principles for future meta-sports platforms and other Metaverse applications relying on similar input-output principles.","['Metaverse', 'sports', 'distributive justice', 'transparency', 'adoption', 'mixed-method']",Xiao Xiao,Xiao Xiao,"Xiao Xiao (xx.digi@cbs.dk) is Associate Professor at Copenhagen Business School, Department of Digitalization. She received her PhD in Information Systems from Washington State University. Her main research areas include digital platforms and services, specifically focusing on digital commerce in China, qualitative research methodologies, and sports digitalization. Dr. Xiao’s research has appeared in such IS journals as MIS Quarterly, Journal of Information Technology, Information Systems Journal, Journal of Strategic Information Systems, and Information and Management. She sits on the editorial boards of MIS Quarterly, Europrean Journal of Information Systems, Journal for the Associateion of Information Systems, and Information Systems Journal.. She received the AIS Early Career Award in 2019 and Sandra Slaughter Service Award.",Washington State University,Washington,United States
https://www.tandfonline.com/doi/full/10.1080/07421222.2025.2452016,"Journal of Management Information Systems, Volume 42, Issue 1 (2025)",Modeling and Interpreting the Propagation Influence of Neighbor Information in Time-Variant Networks with Exemplification by Financial Risk Prediction,2025,"Extracting effective features from dynamic networks underpins the development of network-based artificial intelligence (AI) methods and decision support systems. Despite existing methods for constructing network features, a notable gap exists in addressing the propagation influence of direct and indirect neighbors. Given the sparse and interacting nature of neighbor information as well as the requirements of interpretability, modeling neighbor influence presents an essential yet challenging research problem. To tackle this challenge, we propose a novel Time-vAriant Graph Contrastive Learning method (TAGOL). TAGOL seeks to improve both the effectiveness and interpretability of constructing features related to the propagation influence by explicitly modeling sparse and interacting neighbor information in time-variant networks. We perform a comprehensive evaluation of the proposed method through two case studies: credit risk prediction and financial distress prediction. Experimental results demonstrate the efficacy of TAGOL and shed light on the varied influences of the joint propagation of interacting neighbor information on financial risk prediction. The proposed TAGOL and experimental findings offer generalizable methodological and theoretical insights, which can contribute to a broader spectrum of network-related research endeavors, such as short video recommendation systems and transit flow prediction.","['Propagation influence', 'social networks', 'network neighbors', 'financial risk prediction', 'graph neural networks', 'time-variant network', 'interpretability', 'machine learning', 'AI', 'artificial intelligence', 'decision support', 'predictive modeling']",Jianfei Wang,Jianfei Wang,"Jianfei Wang (wangjianfei9@126.com) is a postdoctoral researcher in the School of Management at Hefei University of Technology, China. His research interests include explainable machine learning, network analysis, and financial risk prediction. He has published in such journals as Journal of the Association for Information Systems, Decision Support Systems, Information Processing & Management, and Expert Systems with Applications.",Hefei University of Technology,Anhui,China
https://www.tandfonline.com/doi/full/10.1080/07421222.2025.2452016,"Journal of Management Information Systems, Volume 42, Issue 1 (2025)",Modeling and Interpreting the Propagation Influence of Neighbor Information in Time-Variant Networks with Exemplification by Financial Risk Prediction,2025,"Extracting effective features from dynamic networks underpins the development of network-based artificial intelligence (AI) methods and decision support systems. Despite existing methods for constructing network features, a notable gap exists in addressing the propagation influence of direct and indirect neighbors. Given the sparse and interacting nature of neighbor information as well as the requirements of interpretability, modeling neighbor influence presents an essential yet challenging research problem. To tackle this challenge, we propose a novel Time-vAriant Graph Contrastive Learning method (TAGOL). TAGOL seeks to improve both the effectiveness and interpretability of constructing features related to the propagation influence by explicitly modeling sparse and interacting neighbor information in time-variant networks. We perform a comprehensive evaluation of the proposed method through two case studies: credit risk prediction and financial distress prediction. Experimental results demonstrate the efficacy of TAGOL and shed light on the varied influences of the joint propagation of interacting neighbor information on financial risk prediction. The proposed TAGOL and experimental findings offer generalizable methodological and theoretical insights, which can contribute to a broader spectrum of network-related research endeavors, such as short video recommendation systems and transit flow prediction.","['Propagation influence', 'social networks', 'network neighbors', 'financial risk prediction', 'graph neural networks', 'time-variant network', 'interpretability', 'machine learning', 'AI', 'artificial intelligence', 'decision support', 'predictive modeling']",Lina Zhou,Lina Zhou,"Lina Zhou (lzhou8@charlotte.edu) is Professor of Management Information Systems, Data Science and Business Analytics at the University of North Carolina at Charlotte. She has authored and co-authored over 200 research papers, including publications in top-tier journals, and has received a number of Best Paper awards. Dr. Zhou’s research focuses on online misinformation, intelligence augmentation, mobile security, and biomedical informatics. Her work has been funded by various federal and state agencies.",University of North Carolina at Charlotte,North Carolina,United States
https://www.tandfonline.com/doi/full/10.1080/07421222.2025.2452016,"Journal of Management Information Systems, Volume 42, Issue 1 (2025)",Modeling and Interpreting the Propagation Influence of Neighbor Information in Time-Variant Networks with Exemplification by Financial Risk Prediction,2025,"Extracting effective features from dynamic networks underpins the development of network-based artificial intelligence (AI) methods and decision support systems. Despite existing methods for constructing network features, a notable gap exists in addressing the propagation influence of direct and indirect neighbors. Given the sparse and interacting nature of neighbor information as well as the requirements of interpretability, modeling neighbor influence presents an essential yet challenging research problem. To tackle this challenge, we propose a novel Time-vAriant Graph Contrastive Learning method (TAGOL). TAGOL seeks to improve both the effectiveness and interpretability of constructing features related to the propagation influence by explicitly modeling sparse and interacting neighbor information in time-variant networks. We perform a comprehensive evaluation of the proposed method through two case studies: credit risk prediction and financial distress prediction. Experimental results demonstrate the efficacy of TAGOL and shed light on the varied influences of the joint propagation of interacting neighbor information on financial risk prediction. The proposed TAGOL and experimental findings offer generalizable methodological and theoretical insights, which can contribute to a broader spectrum of network-related research endeavors, such as short video recommendation systems and transit flow prediction.","['Propagation influence', 'social networks', 'network neighbors', 'financial risk prediction', 'graph neural networks', 'time-variant network', 'interpretability', 'machine learning', 'AI', 'artificial intelligence', 'decision support', 'predictive modeling']",Cuiqing Jiang,Cuiqing Jiang,"Cuiqing Jiang (jiangcuiq2017@163.com) is Professor in the School of Management at Hefei University of Technology, where he received his PhD in Management Science and Engineering. His research interests include big data analytics and business intelligence, data mining and knowledge discovery, and financial technology and information systems. Dr. Jiang has published in such journals as Information Systems Research, Journal of Management Information Systems, Journal of the Association for Information Systems, European Journal of Operational Research, Information Sciences, and many others.",Hefei University of Technology,Anhui,China
https://www.tandfonline.com/doi/full/10.1080/07421222.2025.2452016,"Journal of Management Information Systems, Volume 42, Issue 1 (2025)",Modeling and Interpreting the Propagation Influence of Neighbor Information in Time-Variant Networks with Exemplification by Financial Risk Prediction,2025,"Extracting effective features from dynamic networks underpins the development of network-based artificial intelligence (AI) methods and decision support systems. Despite existing methods for constructing network features, a notable gap exists in addressing the propagation influence of direct and indirect neighbors. Given the sparse and interacting nature of neighbor information as well as the requirements of interpretability, modeling neighbor influence presents an essential yet challenging research problem. To tackle this challenge, we propose a novel Time-vAriant Graph Contrastive Learning method (TAGOL). TAGOL seeks to improve both the effectiveness and interpretability of constructing features related to the propagation influence by explicitly modeling sparse and interacting neighbor information in time-variant networks. We perform a comprehensive evaluation of the proposed method through two case studies: credit risk prediction and financial distress prediction. Experimental results demonstrate the efficacy of TAGOL and shed light on the varied influences of the joint propagation of interacting neighbor information on financial risk prediction. The proposed TAGOL and experimental findings offer generalizable methodological and theoretical insights, which can contribute to a broader spectrum of network-related research endeavors, such as short video recommendation systems and transit flow prediction.","['Propagation influence', 'social networks', 'network neighbors', 'financial risk prediction', 'graph neural networks', 'time-variant network', 'interpretability', 'machine learning', 'AI', 'artificial intelligence', 'decision support', 'predictive modeling']",Zhao Wang,Zhao Wang,"Zhao Wang (xcwangzhao@163.com; corresponding author) is Associate Professor in the School of Management at Hefei University of Technology, where he received his PhD in Management Science and Engineering. His research interests include data mining and credit evaluation theory and methodology. Dr. Wang has published in such journals as Information Systems Research, Journal of Management Information Systems, MIS Quarterly, European Journal of Operational Research, Decision Support Systems, and many others.",Hefei University of Technology,Anhui,China
https://www.tandfonline.com/doi/full/10.1080/07421222.2025.2452679,"Journal of Management Information Systems, Volume 42, Issue 1 (2025)",Value Drivers for Metaverse Business Models: A Complementor Perspective,2025,"The Metaverse has emerged as a prominent topic of discussion within the technology industry, presenting a wide array of opportunities for value creation across various businesses. Nevertheless, its value potential remains uncertain due to its early development stage. Our research analyzes 29 cases to address this gap and identify key value drivers for business models of complementors in Metaverse ecosystems. We identified five primary Metaverse-enabled value drivers for complementors (immersive customer engagement, massively scaled user innovation, virtual business efficiency, digital exclusivity, and extended ecosystem collaboration.). We illustrate how these drivers enhance those of ebusiness models, exploring their broader implications for business model innovation and value creation. Our findings provide valuable insights into value-creation opportunities that companies can leverage in the Metaverse, contributing to a better understanding of fundamental value drivers and enabling businesses to navigate this emerging landscape more effectively.","['Metaverse', 'business models', 'virtual world', 'value drivers', 'value creation']",Kim Krüger,Kim Kruger,"Kim Krüger (kim.krueger@tum.de; corresponding author) is a PhD candidate and research assistant at the School for Computation, Information, and Technology at the Technical University of Munich (TUM), Germany. She previously studied Management and Technology with a specialization in Informatics at the TUM School of Management, Germany, and Linköping University, Sweden. She has worked on several projects in Digital Transformation in IT consulting and public administration in Munich, and spent six months at the Queensland University of Technology (QUT), Australia, as a visiting research student to research Metaverse business models.",Technical University of Munich,Bavaria,Germany
https://www.tandfonline.com/doi/full/10.1080/07421222.2025.2452679,"Journal of Management Information Systems, Volume 42, Issue 1 (2025)",Value Drivers for Metaverse Business Models: A Complementor Perspective,2025,"The Metaverse has emerged as a prominent topic of discussion within the technology industry, presenting a wide array of opportunities for value creation across various businesses. Nevertheless, its value potential remains uncertain due to its early development stage. Our research analyzes 29 cases to address this gap and identify key value drivers for business models of complementors in Metaverse ecosystems. We identified five primary Metaverse-enabled value drivers for complementors (immersive customer engagement, massively scaled user innovation, virtual business efficiency, digital exclusivity, and extended ecosystem collaboration.). We illustrate how these drivers enhance those of ebusiness models, exploring their broader implications for business model innovation and value creation. Our findings provide valuable insights into value-creation opportunities that companies can leverage in the Metaverse, contributing to a better understanding of fundamental value drivers and enabling businesses to navigate this emerging landscape more effectively.","['Metaverse', 'business models', 'virtual world', 'value drivers', 'value creation']",Jörg Weking,Joerg Weking,"Jörg Weking (joerg.weking@tum.de) holds a doctorate in Information Systems from Turku School of Economics, Finland, QUT, and TUM. His research focuses on digital business models and digital platform ecosystems. His work has been published in the Journal of Strategic Information Systems, European Journal of Information Systems, Business & Information Systems Engineering, Electronic Markets, Information Systems Frontiers, International Journal of Production Economics, Communications of the AIS, and in refereed conference proceedings such as the International Conference on Information Systems and the Academy of Management Best Paper Proceedings.",Technical University of Munich,Bavaria,Germany
https://www.tandfonline.com/doi/full/10.1080/07421222.2025.2452679,"Journal of Management Information Systems, Volume 42, Issue 1 (2025)",Value Drivers for Metaverse Business Models: A Complementor Perspective,2025,"The Metaverse has emerged as a prominent topic of discussion within the technology industry, presenting a wide array of opportunities for value creation across various businesses. Nevertheless, its value potential remains uncertain due to its early development stage. Our research analyzes 29 cases to address this gap and identify key value drivers for business models of complementors in Metaverse ecosystems. We identified five primary Metaverse-enabled value drivers for complementors (immersive customer engagement, massively scaled user innovation, virtual business efficiency, digital exclusivity, and extended ecosystem collaboration.). We illustrate how these drivers enhance those of ebusiness models, exploring their broader implications for business model innovation and value creation. Our findings provide valuable insights into value-creation opportunities that companies can leverage in the Metaverse, contributing to a better understanding of fundamental value drivers and enabling businesses to navigate this emerging landscape more effectively.","['Metaverse', 'business models', 'virtual world', 'value drivers', 'value creation']",Erwin Fielt,Erwin Fielt,"Erwin Fielt (e.fielt@qut.edu.au) is a Senior Lecturer in the School of Information Systems, Queensland University of Technology, Australia. He holds a PhD in Information Systems from the Delft University of Technology, The Netherlands, Dr. Fielt’s research is focused on the intersection of business and technology, particularly on emerging areas such as digital innovation and transformation, platform ecosystems, and business model design. He has published in such journals and conferences proceedings as Journal of Strategic Information Systems, Information & Management, Government Information Quarterly, Journal of Business Venturing Insights, and the International Conference on Information Systems. Before joining QUT, he was a consultant and researcher at a Technology Top Institute in the Netherlands, where he closely collaborated with the government and industry on joint research projects.",Queensland University of Technology,Queensland,Australia
https://www.tandfonline.com/doi/full/10.1080/07421222.2025.2452679,"Journal of Management Information Systems, Volume 42, Issue 1 (2025)",Value Drivers for Metaverse Business Models: A Complementor Perspective,2025,"The Metaverse has emerged as a prominent topic of discussion within the technology industry, presenting a wide array of opportunities for value creation across various businesses. Nevertheless, its value potential remains uncertain due to its early development stage. Our research analyzes 29 cases to address this gap and identify key value drivers for business models of complementors in Metaverse ecosystems. We identified five primary Metaverse-enabled value drivers for complementors (immersive customer engagement, massively scaled user innovation, virtual business efficiency, digital exclusivity, and extended ecosystem collaboration.). We illustrate how these drivers enhance those of ebusiness models, exploring their broader implications for business model innovation and value creation. Our findings provide valuable insights into value-creation opportunities that companies can leverage in the Metaverse, contributing to a better understanding of fundamental value drivers and enabling businesses to navigate this emerging landscape more effectively.","['Metaverse', 'business models', 'virtual world', 'value drivers', 'value creation']",Timo Böttcher,Timo Boettcher,"Timo Phillip Böttcher (timo.boettcher@tum.de) is a post-doctoral researcher and research group lead at the Krcmar Lab at the School for Computation, Information, and Technology at the Technical University of Munich (TUM), Germany, and an associated researcher at the Weizenbaum Institute for the Networked Society in Berlin. He studied information systems at TUM, Corporate State University Baden-Württemberg, Germany, and Swinburne University of Technology, Australia. Dr. Böttcher’s research focuses on the impact of digital technologies on business models and business model change in dynamic ecosystems. His work has been published in Journal of Strategic Information Systems, Information Systems Journal, and several peer-reviewed conference proceedings, including the European Conference on Information Systems, the Americas Conference on Information Systems, and the Pacific Asia Conference on Information Systems.",Technical University of Munich,Bavaria,Germany
https://www.tandfonline.com/doi/full/10.1080/07421222.2025.2452679,"Journal of Management Information Systems, Volume 42, Issue 1 (2025)",Value Drivers for Metaverse Business Models: A Complementor Perspective,2025,"The Metaverse has emerged as a prominent topic of discussion within the technology industry, presenting a wide array of opportunities for value creation across various businesses. Nevertheless, its value potential remains uncertain due to its early development stage. Our research analyzes 29 cases to address this gap and identify key value drivers for business models of complementors in Metaverse ecosystems. We identified five primary Metaverse-enabled value drivers for complementors (immersive customer engagement, massively scaled user innovation, virtual business efficiency, digital exclusivity, and extended ecosystem collaboration.). We illustrate how these drivers enhance those of ebusiness models, exploring their broader implications for business model innovation and value creation. Our findings provide valuable insights into value-creation opportunities that companies can leverage in the Metaverse, contributing to a better understanding of fundamental value drivers and enabling businesses to navigate this emerging landscape more effectively.","['Metaverse', 'business models', 'virtual world', 'value drivers', 'value creation']",Marek Kowalkiewicz,Marek Kowalkiewicz,"Marek Kowalkiewicz (marek.kowalkiewicz@qut.edu.au) is a Professor and Chair in Digital Economy at QUT Business School. He joined QUT from Silicon Valley, where he led global innovation teams as a Senior Director at SAP. Previously, he was a Research Manager of Asia’s largest SAP Research lab, Singapore, focusing on machine earning. Before that, Dr.Kowalkiewicz was a Global Research Program Lead of one of SAP’s main research programs and a Research Fellow at Microsoft Research Asia. He holds fifteen patents describing his contributions to enterprise software systems.",Queensland University of Technology,Queensland,Australia
https://www.tandfonline.com/doi/full/10.1080/07421222.2025.2452679,"Journal of Management Information Systems, Volume 42, Issue 1 (2025)",Value Drivers for Metaverse Business Models: A Complementor Perspective,2025,"The Metaverse has emerged as a prominent topic of discussion within the technology industry, presenting a wide array of opportunities for value creation across various businesses. Nevertheless, its value potential remains uncertain due to its early development stage. Our research analyzes 29 cases to address this gap and identify key value drivers for business models of complementors in Metaverse ecosystems. We identified five primary Metaverse-enabled value drivers for complementors (immersive customer engagement, massively scaled user innovation, virtual business efficiency, digital exclusivity, and extended ecosystem collaboration.). We illustrate how these drivers enhance those of ebusiness models, exploring their broader implications for business model innovation and value creation. Our findings provide valuable insights into value-creation opportunities that companies can leverage in the Metaverse, contributing to a better understanding of fundamental value drivers and enabling businesses to navigate this emerging landscape more effectively.","['Metaverse', 'business models', 'virtual world', 'value drivers', 'value creation']",Helmut Krcmar,Helmut Krcmar,"Helmut Krcmar (helmut.krcmar@tum.de) is a Professor Emeritus of Information Systems in the Department of Informatics, TUM, with a joint appointment with the School of Management, where he is currently the Founding Dean and Delegate Officer of the President for TUM Campus Heilbronn. Dr. Krcmar’s research interests include information and knowledge management, engineering, piloting, and management of innovative IT-based services, and computer support for collaboration in distributed and mobile work and learning processes. He has coauthored a plethora of research papers published in major IS journals including MIS Quarterly, Journal of Management Information Systems, Journal of Information Technology, Information Systems Journal, Journal of Strategic Information Systems, and European Journal of Information Systems. He is a Fellow of the Association for Information Systems and a Member of the Acatech National Academy of Science and Engineering.",Technical University of Munich,Bavaria,Germany
https://www.tandfonline.com/doi/full/10.1080/07421222.2025.2452019,"Journal of Management Information Systems, Volume 42, Issue 1 (2025)",How the Metaverse is Reshaping Multichannel Retail Through Balancing Complementarity and Substitution,2025,"Although the metaverse can offer a fusion of physical and virtual shopping experiences, there is no consensus on how multichannel retailers can capitalize on this trend by adopting extended reality (XR) online portals. Therefore, we seek to investigate the dynamic influence of XR adoption on offline store performance from the perspective of multichannel retailers. The current study also considers the boundary conditions of the XR type and offline store density. We examined 667 multichannel retailers, with data sources combining online and offline information from 2019 to 2022, resulting in 11,643 monthly retailer-level observations. Applying staggered difference-in-differences models reveals that XR adoption dynamically affects offline store transactions. Furthermore, the effects of XR vary across XR type and offline store density. We aim to provide management implications for multichannel retailers wishing to optimize their channel structures by adopting XR while jumping into the metaverse.","['Extended reality', 'dynamic influence', 'staggered difference-in-differences', 'metaverse', 'multichannel operations', 'retailer performance']",Bingqing Xiong,Bingqing Xiong,"Bingqing Xiong (b.xiong@deakin.edu.au) is a Senior Lecturer in the Department of Information Systems and Business Analytics at Deakin Business School, Deakin University, Australia. Her research interests focus on innovation issues related to innovation diffusion, IT adoption, and strategic management in various contexts (e.g., open innovation, crowdsourcing/crowdfunding, omnichannel retailing, social trading, e-commerce, and e-health). Her research has appeared in such journals as Journal of the Association for Information Science and Technology, Industrial Management & Data Systems, and proceedings of leading Management and Information Systems conferences, where she has also received best paper awards.",Deakin University,Victoria,Australia
https://www.tandfonline.com/doi/full/10.1080/07421222.2025.2452019,"Journal of Management Information Systems, Volume 42, Issue 1 (2025)",How the Metaverse is Reshaping Multichannel Retail Through Balancing Complementarity and Substitution,2025,"Although the metaverse can offer a fusion of physical and virtual shopping experiences, there is no consensus on how multichannel retailers can capitalize on this trend by adopting extended reality (XR) online portals. Therefore, we seek to investigate the dynamic influence of XR adoption on offline store performance from the perspective of multichannel retailers. The current study also considers the boundary conditions of the XR type and offline store density. We examined 667 multichannel retailers, with data sources combining online and offline information from 2019 to 2022, resulting in 11,643 monthly retailer-level observations. Applying staggered difference-in-differences models reveals that XR adoption dynamically affects offline store transactions. Furthermore, the effects of XR vary across XR type and offline store density. We aim to provide management implications for multichannel retailers wishing to optimize their channel structures by adopting XR while jumping into the metaverse.","['Extended reality', 'dynamic influence', 'staggered difference-in-differences', 'metaverse', 'multichannel operations', 'retailer performance']",Jie Fang,Jie Fang,"Jie Fang (Jie.Fang@nottingham.edu.cn; corresponding author) is Assistant Professor of Management Science and Analytics at the University of Nottingham Ningbo, China. Her research explores omni-channel retailing, platform competition, and multi-homing operations. Dr. Fang’s publications appear in Journal of Operations Management, Journal of the Academy of Marketing Science, Information & Management, Internet Research, and Electronic Commerce Research and Applications. iHer work has been also published in the proceedings of such international conferences as International Conference on Information Systems and Academy of Management. She is a recipient of the Young Scientist Fund awarded by the National Natural Science Foundation of China.",University of Nottingham Ningbo,Zhejiang,China
https://www.tandfonline.com/doi/full/10.1080/07421222.2025.2452019,"Journal of Management Information Systems, Volume 42, Issue 1 (2025)",How the Metaverse is Reshaping Multichannel Retail Through Balancing Complementarity and Substitution,2025,"Although the metaverse can offer a fusion of physical and virtual shopping experiences, there is no consensus on how multichannel retailers can capitalize on this trend by adopting extended reality (XR) online portals. Therefore, we seek to investigate the dynamic influence of XR adoption on offline store performance from the perspective of multichannel retailers. The current study also considers the boundary conditions of the XR type and offline store density. We examined 667 multichannel retailers, with data sources combining online and offline information from 2019 to 2022, resulting in 11,643 monthly retailer-level observations. Applying staggered difference-in-differences models reveals that XR adoption dynamically affects offline store transactions. Furthermore, the effects of XR vary across XR type and offline store density. We aim to provide management implications for multichannel retailers wishing to optimize their channel structures by adopting XR while jumping into the metaverse.","['Extended reality', 'dynamic influence', 'staggered difference-in-differences', 'metaverse', 'multichannel operations', 'retailer performance']",Wilson Li,Wilson Li,"Wilson Li (wilson.li@deakin.edu.au) is a Senior Lecturer in the Department of Information Systems and Business Analytics at Deakin Business School. He received his PhD in Management Information Systems from the City University of Hong Kong. Dr. Li’s research focuses on information security, data protection, cybersecurity regulation, and information systems governance. His work has appeared in MIS Quarterly, Decision Support Systems, and other journals and has been presented at several major academic conferences.",Deakin University,Victoria,Australia
https://www.tandfonline.com/doi/full/10.1080/07421222.2025.2452018,"Journal of Management Information Systems, Volume 42, Issue 1 (2025)",Working from the Metaverse: A Distraction Management Perspective,2025,"The innovative potential of the Metaverse for knowledge work has mostly been explored in terms of its ability to enhance remote collaboration. However, this paper takes a distraction management perspective and presents findings from a qualitative study where knowledge workers performed solo tasks using an immersive Metaverse application. We posit that knowledge workers can proactively shield themselves from common distractions in collaborative, private, or public spaces by clearly separating their virtual workplace from their physical environment. However, Metaverse applications may also introduce new sources of distraction, requiring knowledge workers to be aware of and able to customize technology affordances to optimize work outcomes. These findings inform a theoretical model of virtual workplace distraction management, emphasizing that we should harness its potential to augment, transform, or replace conventional work environments rather than recreating traditional corporate offices in the Metaverse and their common distractions.","['Metaverse', 'virtual reality', 'workplace technologies', 'knowledge work', 'workplace distraction', 'distraction management']",Julian Marx,Julian Marx,"Julian Marx (j.marx@unimelb.edu.au; corresponding author) is a lecturer of Information Systems at The University of Melbourne Australia. He received his PhD in Information Systems, with distinction, at the University of Duisburg-Essen, Germany. Dr Marx was a visiting scholar at the University of Sydney Business School, Australia, and the University of Agder, Norway. His research focuses on the future of work and social media and has been published in the Information Systems Journal, Journal of Information Technology, Information & Management, Business Information Systems Engineering, and Internet Research.",The University of Melbourne,Victoria,Australia
https://www.tandfonline.com/doi/full/10.1080/07421222.2025.2452018,"Journal of Management Information Systems, Volume 42, Issue 1 (2025)",Working from the Metaverse: A Distraction Management Perspective,2025,"The innovative potential of the Metaverse for knowledge work has mostly been explored in terms of its ability to enhance remote collaboration. However, this paper takes a distraction management perspective and presents findings from a qualitative study where knowledge workers performed solo tasks using an immersive Metaverse application. We posit that knowledge workers can proactively shield themselves from common distractions in collaborative, private, or public spaces by clearly separating their virtual workplace from their physical environment. However, Metaverse applications may also introduce new sources of distraction, requiring knowledge workers to be aware of and able to customize technology affordances to optimize work outcomes. These findings inform a theoretical model of virtual workplace distraction management, emphasizing that we should harness its potential to augment, transform, or replace conventional work environments rather than recreating traditional corporate offices in the Metaverse and their common distractions.","['Metaverse', 'virtual reality', 'workplace technologies', 'knowledge work', 'workplace distraction', 'distraction management']",Milad Mirbabaie,Milad Mirbabaie,"Dr. Milad Mirbabaie (milad.mirbabaie@uni-bamberg.de) is Professor of Information Systems at the University of Bamberg, Germany. He received his PhD in Information Systems from the University of Münster, Germany. His work focuses on the digital society, AI-based systems, social media, digital work, sustainability, and crisis management. Dr. Mirbabaie has published in such journals as Information Systems Journal, Journal of Information Technology, Electronic Markets, Business & Information Systems Engineering, and Internet Research. He received Claudio Ciborra Award at the European Conference on Information Systems for the most innovative research article.",University of Bamberg,Bavaria,Germany
https://www.tandfonline.com/doi/full/10.1080/07421222.2025.2452018,"Journal of Management Information Systems, Volume 42, Issue 1 (2025)",Working from the Metaverse: A Distraction Management Perspective,2025,"The innovative potential of the Metaverse for knowledge work has mostly been explored in terms of its ability to enhance remote collaboration. However, this paper takes a distraction management perspective and presents findings from a qualitative study where knowledge workers performed solo tasks using an immersive Metaverse application. We posit that knowledge workers can proactively shield themselves from common distractions in collaborative, private, or public spaces by clearly separating their virtual workplace from their physical environment. However, Metaverse applications may also introduce new sources of distraction, requiring knowledge workers to be aware of and able to customize technology affordances to optimize work outcomes. These findings inform a theoretical model of virtual workplace distraction management, emphasizing that we should harness its potential to augment, transform, or replace conventional work environments rather than recreating traditional corporate offices in the Metaverse and their common distractions.","['Metaverse', 'virtual reality', 'workplace technologies', 'knowledge work', 'workplace distraction', 'distraction management']",Jonas Rieskamp,Jonas Rieskamp,"Jonas Rieskamp (jonas.rieskamp@uni-bamberg.de) is a PhD candidate in the Department of Information Systems at the University of Bamberg, Germany. His work focuses on the digital society and digital work. Before his role in academia, Jonas was an IT consultant. His research appeared in such journals as Natural Hazards and in the proceedings of leading Information Systems conferences, such as Hawaii International Conference on System Sciences, Australasian Conference on Information Systems, and International Conference on Wirtschaftsinformatik.",University of Bamberg,Bavaria,Germany
https://www.tandfonline.com/doi/full/10.1080/07421222.2025.2452017,"Journal of Management Information Systems, Volume 42, Issue 1 (2025)",Foundations of Decentralized Metaverse Economies: Converging Physical and Virtual Realities,2025,"Decentralized metaverse economies leverage blockchain cryptocurrency and asset tokens to enhance the concepts of digital ownership and scarcity, uniquely combining aspects of real, virtual, and blockchain economies. This study applies and extends token adoption and valuation theory to conceptualize and empirically analyze the dynamics in decentralized metaverse economies. We analyze over 4.5 million blockchain transactions from two blockchains across two years in the “The Sandbox” metaverse using vector autoregressive models. Our findings reveal complex dynamics among exchange rates, economic actors, and their activity, highlighting the exchange rate’s central role in fostering growth, particularly regarding creating scarce digital assets. The results provide insights for designing and regulating decentralized metaverse economies and offer a novel conceptual framework for understanding these emerging information systems. Our research contributes to the literature by bridging economic theories with the technological realities of blockchain-based metaverses, providing a foundation for future studies on the convergence of real and virtual economies in the metaverse.","['IS economics', 'metaverse', 'metaverse economy', 'virtual economy', 'exchange rate', 'non-fungible tokens', 'cryptocurrency', 'the sandbox', 'blockchain', 'digital assets']",Björn Hanneke,Bjorn Hanneke,"Björn Hanneke (hanneke@wiwi.uni-frankfurt.de; corresponding author) is a research associate and PhD candidate at the Chair of Information Systems and Information Management at Goethe University, Frankfurt/Main, Germany. His research focuses on digital platforms, token economics, and blockchain-based applications, exploring how tokenization reshapes organizations, markets, and incentive mechanisms. He uses blockchain data to conduct empirical research focusing on the economics of information systems. His research has appeared in International Journal of Research in Marketing and Business Information Systems Engineering, and in the proceedings of the leading information systems conferences (ICIS, WISE, ECIS, SCECR). Before joining the academia, he gained extensive industry experience in co-founding a data analytics startup and in strategy consulting for financial institutions.",Goethe University Frankfurt,Hesse,Germany
https://www.tandfonline.com/doi/full/10.1080/07421222.2025.2452017,"Journal of Management Information Systems, Volume 42, Issue 1 (2025)",Foundations of Decentralized Metaverse Economies: Converging Physical and Virtual Realities,2025,"Decentralized metaverse economies leverage blockchain cryptocurrency and asset tokens to enhance the concepts of digital ownership and scarcity, uniquely combining aspects of real, virtual, and blockchain economies. This study applies and extends token adoption and valuation theory to conceptualize and empirically analyze the dynamics in decentralized metaverse economies. We analyze over 4.5 million blockchain transactions from two blockchains across two years in the “The Sandbox” metaverse using vector autoregressive models. Our findings reveal complex dynamics among exchange rates, economic actors, and their activity, highlighting the exchange rate’s central role in fostering growth, particularly regarding creating scarce digital assets. The results provide insights for designing and regulating decentralized metaverse economies and offer a novel conceptual framework for understanding these emerging information systems. Our research contributes to the literature by bridging economic theories with the technological realities of blockchain-based metaverses, providing a foundation for future studies on the convergence of real and virtual economies in the metaverse.","['IS economics', 'metaverse', 'metaverse economy', 'virtual economy', 'exchange rate', 'non-fungible tokens', 'cryptocurrency', 'the sandbox', 'blockchain', 'digital assets']",Marius Heß,Marius Hess,"Marius Heß (mar.hess@outlook.de) is an external research associate at the Chair of Information Systems and Information Management at Goethe University and works as a data scientist in industry. His research focuses on virtual worlds, gaming ecosystems, and blockchain technology. He holds a Master of Science degree in Information Management from Goethe University Frankfurt/Main and a Bachelor of Science from RWTH Aachen.",Goethe University,Hesse,Germany
https://www.tandfonline.com/doi/full/10.1080/07421222.2025.2452017,"Journal of Management Information Systems, Volume 42, Issue 1 (2025)",Foundations of Decentralized Metaverse Economies: Converging Physical and Virtual Realities,2025,"Decentralized metaverse economies leverage blockchain cryptocurrency and asset tokens to enhance the concepts of digital ownership and scarcity, uniquely combining aspects of real, virtual, and blockchain economies. This study applies and extends token adoption and valuation theory to conceptualize and empirically analyze the dynamics in decentralized metaverse economies. We analyze over 4.5 million blockchain transactions from two blockchains across two years in the “The Sandbox” metaverse using vector autoregressive models. Our findings reveal complex dynamics among exchange rates, economic actors, and their activity, highlighting the exchange rate’s central role in fostering growth, particularly regarding creating scarce digital assets. The results provide insights for designing and regulating decentralized metaverse economies and offer a novel conceptual framework for understanding these emerging information systems. Our research contributes to the literature by bridging economic theories with the technological realities of blockchain-based metaverses, providing a foundation for future studies on the convergence of real and virtual economies in the metaverse.","['IS economics', 'metaverse', 'metaverse economy', 'virtual economy', 'exchange rate', 'non-fungible tokens', 'cryptocurrency', 'the sandbox', 'blockchain', 'digital assets']",Oliver Hinz,Oliver Hinz,"Oliver Hinz (ohinz@wiwi.uni-frankfurt.de) is Professor of Information Systems and Information Management at Goethe University Frankfurt/Main. He researches at the intersection of technology and markets. Dr. Hinz’s research has been published in journals such as Information Systems Research, Journal of Management Information Systems, MIS Quarterly, Journal of Marketing, Marketing Science, Decision Support Systems, Business & Information Systems Engineering, and in the proceedings of several leading information systems conferences (ICIS, ECIS, PACIS).",Goethe University Frankfurt,Hesse,Germany
https://www.tandfonline.com/doi/full/10.1080/07421222.2025.2452012,"Journal of Management Information Systems, Volume 42, Issue 1 (2025)",Omnichannel in Healthcare? Offline-to-Online Spillover Effects and Implications for Telemedicine in Treating Chronic Patients,2025,"Despite an annual healthcare expenditure of over $4.1 trillion dollars on chronic patients in the United States alone, chronic diseases remain the leading causes of death and rising healthcare costs. With the potential benefits of online telemedicine consultation, we ask what value omnichannel integration—business approaches that use various channels synergistically to maximize customer value—might provide to healthcare for individual patients with chronic diseases. While new patients may have a lack of experience with telemedicine consultation, existing patients are familiar with the service on telemedicine platforms. How would this difference between new and existing patients affect their preferences for physicians’ channel strategies differently? Through a multi-method empirical approach including a preliminary survey study, econometric analyses of a 51 months’ panel dataset from a prominent healthcare platform in China, rigorous testing using various alternative measures and econometric specifications, and a descriptive analysis of two distinct patient journeys through channels, we consistently observed a strong and positive effect of physicians’ adoption of omnichannel integration on the selection of such physicians for paid online consultations by the platform’s new patients. Meanwhile, this effect among the existing patients of the telemedicine platform is much weaker. These findings are helpful for all healthcare stakeholders, including patients, physicians, hospitals, healthcare platforms, and policymakers.","['Telemedicine', 'online consultation', 'multichannel service', 'omnichannel integration', 'health platforms', 'patient preferences', 'potential-dyads approach', 'convenience-risk framework']",Xiangru Chen,Xiangru Chen,"Xiangru Chen (xiangruc@ua.edu) is an Assistant Professor of information systems in the Culverhouse College of Business at the University of Alabama. He received his Ph.D. from the Department of Information Systems and Business Analytics at Iowa State University. His research focuses on telemedicine consultation, omnichannel strategy, and patient-physician co-creation in the context of telehealth. His research has appeared in Electronic Commerce Research and Application and Journal of Systems and Software.",University of Alabama,Alabama,United States
https://www.tandfonline.com/doi/full/10.1080/07421222.2025.2452012,"Journal of Management Information Systems, Volume 42, Issue 1 (2025)",Omnichannel in Healthcare? Offline-to-Online Spillover Effects and Implications for Telemedicine in Treating Chronic Patients,2025,"Despite an annual healthcare expenditure of over $4.1 trillion dollars on chronic patients in the United States alone, chronic diseases remain the leading causes of death and rising healthcare costs. With the potential benefits of online telemedicine consultation, we ask what value omnichannel integration—business approaches that use various channels synergistically to maximize customer value—might provide to healthcare for individual patients with chronic diseases. While new patients may have a lack of experience with telemedicine consultation, existing patients are familiar with the service on telemedicine platforms. How would this difference between new and existing patients affect their preferences for physicians’ channel strategies differently? Through a multi-method empirical approach including a preliminary survey study, econometric analyses of a 51 months’ panel dataset from a prominent healthcare platform in China, rigorous testing using various alternative measures and econometric specifications, and a descriptive analysis of two distinct patient journeys through channels, we consistently observed a strong and positive effect of physicians’ adoption of omnichannel integration on the selection of such physicians for paid online consultations by the platform’s new patients. Meanwhile, this effect among the existing patients of the telemedicine platform is much weaker. These findings are helpful for all healthcare stakeholders, including patients, physicians, hospitals, healthcare platforms, and policymakers.","['Telemedicine', 'online consultation', 'multichannel service', 'omnichannel integration', 'health platforms', 'patient preferences', 'potential-dyads approach', 'convenience-risk framework']",Xiao Ma,Xiao Ma,"Xiao Ma (xma@bauer.uh.edu; corresponding author) is Associate Professor of Business Analytics and Director of the MS in Business Analytics Programs at the C. T. Bauer College of Business, University of Houston. He also holds leadership positions in the Human-Centered Artificial Intelligence (AI) Institute and the Healthcare Business Institute of Bauer College. He holds a PhD in Business from the University of Wisconsin-Madison, concentrating on information systems and analytics. Dr. Ma’s research focuses on online platforms and economics of IS, disruptive IT, information disclosure, management of AI, and healthcare analytics. His work has appeared in top journals of information systems and management, including Information Systems Research, Journal of Management Information Systems, Journal of the Association for Information Systems, Decision Sciences, Information & Management, and European Journal of Information Systems.",University of Houston,Texas,United States
https://www.tandfonline.com/doi/full/10.1080/07421222.2025.2452012,"Journal of Management Information Systems, Volume 42, Issue 1 (2025)",Omnichannel in Healthcare? Offline-to-Online Spillover Effects and Implications for Telemedicine in Treating Chronic Patients,2025,"Despite an annual healthcare expenditure of over $4.1 trillion dollars on chronic patients in the United States alone, chronic diseases remain the leading causes of death and rising healthcare costs. With the potential benefits of online telemedicine consultation, we ask what value omnichannel integration—business approaches that use various channels synergistically to maximize customer value—might provide to healthcare for individual patients with chronic diseases. While new patients may have a lack of experience with telemedicine consultation, existing patients are familiar with the service on telemedicine platforms. How would this difference between new and existing patients affect their preferences for physicians’ channel strategies differently? Through a multi-method empirical approach including a preliminary survey study, econometric analyses of a 51 months’ panel dataset from a prominent healthcare platform in China, rigorous testing using various alternative measures and econometric specifications, and a descriptive analysis of two distinct patient journeys through channels, we consistently observed a strong and positive effect of physicians’ adoption of omnichannel integration on the selection of such physicians for paid online consultations by the platform’s new patients. Meanwhile, this effect among the existing patients of the telemedicine platform is much weaker. These findings are helpful for all healthcare stakeholders, including patients, physicians, hospitals, healthcare platforms, and policymakers.","['Telemedicine', 'online consultation', 'multichannel service', 'omnichannel integration', 'health platforms', 'patient preferences', 'potential-dyads approach', 'convenience-risk framework']",Kevin P. Scheibe,Kevin Scheibe,"Kevin Scheibe (kscheibe@iastate.edu) is the Union Pacific Professor of Information Systems and Chair of the Department of Information Systems and Business Analytics in the Ivy College of Business at Iowa State University. He received a PhD from Virginia Polytechnic Institute and State University. Dr. Scheibe’s research interests include business analytics, IT privacy and security, spatial decision support systems, wireless telecommunications, and IT outsourcing. His work has appeared in Decision Sciences Journal, European Journal of Operations Research, Decision Support Systems, IEEE Transactions on Engineering Management, Communications of the ACM, and International Journal of Production Research.",Iowa State University,Iowa,United States
https://www.tandfonline.com/doi/full/10.1080/07421222.2025.2452012,"Journal of Management Information Systems, Volume 42, Issue 1 (2025)",Omnichannel in Healthcare? Offline-to-Online Spillover Effects and Implications for Telemedicine in Treating Chronic Patients,2025,"Despite an annual healthcare expenditure of over $4.1 trillion dollars on chronic patients in the United States alone, chronic diseases remain the leading causes of death and rising healthcare costs. With the potential benefits of online telemedicine consultation, we ask what value omnichannel integration—business approaches that use various channels synergistically to maximize customer value—might provide to healthcare for individual patients with chronic diseases. While new patients may have a lack of experience with telemedicine consultation, existing patients are familiar with the service on telemedicine platforms. How would this difference between new and existing patients affect their preferences for physicians’ channel strategies differently? Through a multi-method empirical approach including a preliminary survey study, econometric analyses of a 51 months’ panel dataset from a prominent healthcare platform in China, rigorous testing using various alternative measures and econometric specifications, and a descriptive analysis of two distinct patient journeys through channels, we consistently observed a strong and positive effect of physicians’ adoption of omnichannel integration on the selection of such physicians for paid online consultations by the platform’s new patients. Meanwhile, this effect among the existing patients of the telemedicine platform is much weaker. These findings are helpful for all healthcare stakeholders, including patients, physicians, hospitals, healthcare platforms, and policymakers.","['Telemedicine', 'online consultation', 'multichannel service', 'omnichannel integration', 'health platforms', 'patient preferences', 'potential-dyads approach', 'convenience-risk framework']",Norman Johnson,Norman Johnson,"Norman Johnson (njohnson@bauer.uh.edu) is the Bauer Professor of Business Analytics and Chair of the Department of Decision & Information Sciences in the C. T. Bauer College of Business at the University of Houston. He also holds a joint appointment as Professor in the Hobby School of Public Affairs. He received a Ph.D. in Business from the City University of New York. Dr. Johnson’s research expertise encompasses communication media and negotiation, decision-making, psychometric analysis, data mining, and predictive analytics. His work has been published in the leading journals such as MIS Quarterly, Journal of Management Information Systems, Decision Support Systems, European Journal of Information Systems, and Information Systems Journal.",University of Houston,Texas,United States
https://www.tandfonline.com/doi/full/10.1080/07421222.2025.2455772,"Journal of Management Information Systems, Volume 42, Issue 1 (2025)",Everyday Metaverse: The Metaverse as an Integral Part of Everyday Life,2025,"This paper explores a paradigm shift from viewing the Metaverse as a distinct digital world to viewing the Metaverse as an integral part of everyday life, termed the “Everyday Metaverse.” Previous research on the traditional paradigm falls short of capturing the essence of the emerging paradigm, limiting both scholarly understanding and practical engagement. Through an interpretive case study method, this research investigates the design process of a hybrid city project that strived to integrate Metaverse technologies into the daily lives of its inhabitants. The research identifies vital processual mechanisms in designing the Everyday Metaverse, which involves expanding the digital world to encompass possible physical entities and events and establishing its relevance to life. The findings contribute a new theoretical framework for future research and practice to understand the Everyday Metaverse better.","['Metaverse', 'everyday computing', 'correspondence', 'interpretive case study']",Gongtai Wang,Gongtai Wang,"Gongtai Wang (wanggongtai@dlut.edu.cn) is Professor of Business Administration at the School of Economics and Management, Dalian University of Technology, China. He earned his PhD at Warwick Business School, United Kingdom. Dr. Wang’s research investigates how firms transform industries through fundamentally rethinking and strategically redesigning traditional products/services/businesses with emerging digital technologies, such as the Metaverse, IoT, artificial intelligence, and blockchain. His research has been published in MIS Quarterly, Journal of Product Innovation Management, and proceedings of flagship IS conferences. Before his academic career, he worked as a systems engineer in the IT industry.",Dalian University of Technology,Liaoning,China
https://www.tandfonline.com/doi/full/10.1080/07421222.2025.2455772,"Journal of Management Information Systems, Volume 42, Issue 1 (2025)",Everyday Metaverse: The Metaverse as an Integral Part of Everyday Life,2025,"This paper explores a paradigm shift from viewing the Metaverse as a distinct digital world to viewing the Metaverse as an integral part of everyday life, termed the “Everyday Metaverse.” Previous research on the traditional paradigm falls short of capturing the essence of the emerging paradigm, limiting both scholarly understanding and practical engagement. Through an interpretive case study method, this research investigates the design process of a hybrid city project that strived to integrate Metaverse technologies into the daily lives of its inhabitants. The research identifies vital processual mechanisms in designing the Everyday Metaverse, which involves expanding the digital world to encompass possible physical entities and events and establishing its relevance to life. The findings contribute a new theoretical framework for future research and practice to understand the Everyday Metaverse better.","['Metaverse', 'everyday computing', 'correspondence', 'interpretive case study']",Zhewei Zhang,Zhewei Zhang,"Zhewei Zhang (zhewei.zhang@wbs.ac.uk) is Associate Professor in the Information Systems Management and Analytics group at Warwick Business School, University of Warwick. His research focuses on digital transformation and innovation, particularly the impacts brought by the adoption of emerging technologies and innovation through collaboration in non-traditional organizational settings. Dr. Zhang applies computational approaches, such as sequence analysis and machine learning, to support his research. His work has been published in such journals as Information Systems Research and Journal of the Association for Information Systems. He has led several funded projects to design AI systems in such areas as litigation and higher education.",University of Warwick,England,United Kingdom
https://www.tandfonline.com/doi/full/10.1080/07421222.2025.2455772,"Journal of Management Information Systems, Volume 42, Issue 1 (2025)",Everyday Metaverse: The Metaverse as an Integral Part of Everyday Life,2025,"This paper explores a paradigm shift from viewing the Metaverse as a distinct digital world to viewing the Metaverse as an integral part of everyday life, termed the “Everyday Metaverse.” Previous research on the traditional paradigm falls short of capturing the essence of the emerging paradigm, limiting both scholarly understanding and practical engagement. Through an interpretive case study method, this research investigates the design process of a hybrid city project that strived to integrate Metaverse technologies into the daily lives of its inhabitants. The research identifies vital processual mechanisms in designing the Everyday Metaverse, which involves expanding the digital world to encompass possible physical entities and events and establishing its relevance to life. The findings contribute a new theoretical framework for future research and practice to understand the Everyday Metaverse better.","['Metaverse', 'everyday computing', 'correspondence', 'interpretive case study']",Joe Nandhakumar,Joe Nandhakumar,"Joe Nandhakumar (Joe.Nandhakumar@wbs.ac.uk) is a Professor of Information Systems and the Head of the Information Systems Management and Analytics group at Warwick Business School, University of Warwick, UK. He earned his PhD in Management Information Systems from the University of Cambridge, Department of Engineering. Dr. Nandhakumar’s research focuses on the design and use of digital technology and on its implications for the nature of work and organizational interactions and engagement. His work has been published in such journals such as MIS Quarterly, Information Systems Research (ISR), Organization Studies, Accounting Organization and Society, Human Relations, Journal of the Association for Information Systems, Communications of the ACM, and others. He is Associate Editor of ISR and was Program Co-Chair of the International Conference on Information Systems 2023.",University of Warwick,England,United Kingdom
https://www.tandfonline.com/doi/full/10.1080/07421222.2025.2455772,"Journal of Management Information Systems, Volume 42, Issue 1 (2025)",Everyday Metaverse: The Metaverse as an Integral Part of Everyday Life,2025,"This paper explores a paradigm shift from viewing the Metaverse as a distinct digital world to viewing the Metaverse as an integral part of everyday life, termed the “Everyday Metaverse.” Previous research on the traditional paradigm falls short of capturing the essence of the emerging paradigm, limiting both scholarly understanding and practical engagement. Through an interpretive case study method, this research investigates the design process of a hybrid city project that strived to integrate Metaverse technologies into the daily lives of its inhabitants. The research identifies vital processual mechanisms in designing the Everyday Metaverse, which involves expanding the digital world to encompass possible physical entities and events and establishing its relevance to life. The findings contribute a new theoretical framework for future research and practice to understand the Everyday Metaverse better.","['Metaverse', 'everyday computing', 'correspondence', 'interpretive case study']",Nitin Manoharan,Nitin Manoharan,"Nitin Manoharan (Nitin.Manoharan@warwick.ac.uk) is Executive Advisor at Strategy& (formerly Booz & Co) based in Dubai. He advises CEOs and other senior leaders in the region on Business Strategy, Technology Strategy, and Innovation. Previously, he and his team were responsible for global Technology strategy, Architecture & Innovation of Philip Morris International (PMI), based in Lausanne, Switzerland. Before joining PMI, he had been the Industry Strategy & Insight Group Director at Oracle Corporation in London, UK. At Oracle, he and his team led strategy formulation and governance of Major Digital Business Transformations for strategic clients. Before Oracle, he had worked for Siebel and IBM for several years in different advisory and consulting positions. He holds an MBA from the University of Chicago Booth School of Business and a Masters from Oxford University. He also holds a DBA from Warwick Business School and serves as a Practice Fellow at Warwick Business School.",University of Warwick,Warwickshire,United Kingdom